fpr,tpr,quality,coverage
0.15079365079365079,0.9422222222222222,0.7914285714285714,231
0.3333333333333333,1.0,0.6666666666666667,267
0.023809523809523808,0.5244444444444445,0.5006349206349207,121
0.0,0.36,0.36,81
