rank,conditions,coverage,coverage_ratio,tpr,fpr,precision,roc_quality,keep_reason
1,Attribute5 >= 0.41266 AND Attribute1 != 0 AND Attribute8 != -1.0 AND Attribute4 != -1.0,231,0.6581196581196581,0.9422222222222222,0.15079365079365079,0.9177489177489178,0.7914285714285714,HIGH_QUALITY
2,Attribute33 != 0.0 AND Attribute1 != 0 AND Attribute5 != -1.0 AND Attribute8 != -1.0,267,0.7606837606837606,1.0,0.3333333333333333,0.8426966292134831,0.6666666666666667,ROC_HULL
3,Attribute5 >= 0.41266 AND Attribute1 >= 1.0 AND Attribute8 != -1.0 AND Attribute10 >= 0.01829,121,0.34472934472934474,0.5244444444444445,0.023809523809523808,0.9752066115702479,0.5006349206349207,ROC_HULL
4,Attribute5 >= 0.41266 AND Attribute27 <= 0.70824 AND Attribute4 >= 0.01631 AND Attribute10 != -1.0,81,0.23076923076923078,0.36,0.0,1.0,0.36,ROC_HULL
