depth,total_points,original_hull_points,new_hull_points,remaining_points,subgroups_removed,original_hull_area,new_hull_area,hull_area_reduction,area_reduction_percentage,original_auc,new_auc,all_points_auc,auc_reduction,auc_reduction_percentage,original_max_quality,original_avg_quality,new_max_quality,new_avg_quality,quality_reduction,original_best_tpr,original_best_fpr,new_best_tpr,new_best_fpr
1,37,7,7,30,7,0.4702448264163746,0.45024784198424367,0.0,0.0,0.9702448264163746,0.9502478419842437,0.8387472200233707,0.0,0.0,0.8143446794074409,0.5865346817229662,0.808860115345471,0.5602184671222329,0.0,0.9832635983263598,0.16891891891891891,0.9372384937238494,0.12837837837837837
2,327,7,7,320,7,0.47058407780165107,0.4705228240793095,0.0,0.0,0.970584077801651,0.9705228240793095,0.7102227750763316,0.0,0.0,0.8165969316596932,0.5871781823664668,0.8143446794074409,0.5868564320447166,0.0,0.9832635983263598,0.16666666666666666,0.9832635983263598,0.16891891891891891
3,247,7,7,240,7,0.4750603113573824,0.4698961513815069,0.0,0.0,0.9750603113573826,0.969896151381507,0.8809651701911116,0.0,0.0,0.8300915978740246,0.7194673753251158,0.8300915978740246,0.6526806244379466,0.0,0.9246861924686193,0.0945945945945946,0.9246861924686193,0.0945945945945946
4,264,7,8,257,7,0.481694560669456,0.4805542990689434,0.0,0.0,0.981694560669456,0.9805542990689434,0.8392184025029212,0.0,0.0,0.8732142184025029,0.7437346192576318,0.8664480379961551,0.7151018696520789,0.0,0.9497907949790795,0.07657657657657657,0.9205020920502092,0.05405405405405406
