fpr,tpr,quality,coverage
0.013761467889908258,0.9424860853432282,0.9287246174533199,2080
0.3761467889908257,0.9962894248608535,0.6201426358700277,3460
0.5,1.0,0.5,3900
