Depth,Total Points,Orig Hull Subgroups,Orig AUC,Orig Best Quality,Orig Avg Quality,Orig Best TPR,Orig Best FPR,New Hull Subgroups,New AUC,New Best Quality,New Avg Quality,New Best TPR,New Best FPR,Subgroups Removed,AUC Reduction,AUC Reduction %,Quality Reduction,Area Reduction %
1,50,3,0.9189732265802352,0.7847726876864727,0.6445148242144759,0.8616580883431149,0.07688540065664223,2,0.8907864853789681,0.7138547102444854,0.7089508563911079,0.7954672232291756,0.08161251298469017,3,0.028186741201267074,3.0671993901452472,0.07091797744198725,6.727575752592715
2,70,3,0.9636851148233596,0.8661757604572115,0.6974704736989952,0.889947919241285,0.023772158784073558,4,0.9396226164053412,0.8183229148391126,0.7490841803025159,0.8703199421921141,0.05199702735300154,3,0.02406249841801844,2.496925401035069,0.04785284561809888,5.189404975224388
3,90,2,0.9790230072147876,0.9447735771839519,0.9066592556186021,0.9534763634315508,0.008702786247598867,4,0.9694271999920754,0.881283870712887,0.7006628473046581,0.8913974356189212,0.010113564906034093,2,0.00959580722271225,0.980141135805507,0.06348970647106489,2.0032038290824263
