depth,total_points,original_hull_points,new_hull_points,remaining_points,subgroups_removed,original_hull_area,new_hull_area,hull_area_reduction,area_reduction_percentage,original_auc,new_auc,all_points_auc,auc_reduction,auc_reduction_percentage,original_max_quality,original_avg_quality,new_max_quality,new_avg_quality,quality_reduction,original_best_tpr,original_best_fpr,new_best_tpr,new_best_fpr
2,5608,5,2,0,0,0.4812939354223758,0.4690473353645044,5.551115123125783e-17,1.1533731706497017e-14,0.9812939354223758,0.9690473353645044,0.7346460060254292,0.0,0.0,0.9149631495634116,0.6641946520059233,0.9149631495634116,0.8777042092900547,0.0,0.9424860853432282,0.027522935779816515,0.9424860853432282,0.027522935779816515
3,1005,5,2,0,0,0.48217902673997043,0.4698388112542765,0.0,0.0,0.9821790267399704,0.9698388112542765,0.7747224515327398,0.0,0.0,0.9149631495634116,0.6766148661299383,0.9149631495634116,0.9064611666184406,0.0,0.9424860853432282,0.027522935779816515,0.9424860853432282,0.027522935779816515
4,622,5,2,0,0,0.48217902673997043,0.4698388112542765,0.0,0.0,0.9821790267399704,0.9698388112542765,0.7613795935388332,0.0,0.0,0.9149631495634116,0.6766148661299383,0.9149631495634116,0.9064611666184406,0.0,0.9424860853432282,0.027522935779816515,0.9424860853432282,0.027522935779816515
