depth,total_points,original_hull_points,new_hull_points,remaining_points,subgroups_removed,original_hull_area,new_hull_area,hull_area_reduction,area_reduction_percentage,original_auc,new_auc,all_points_auc,auc_reduction,auc_reduction_percentage,original_max_quality,original_avg_quality,new_max_quality,new_avg_quality,quality_reduction,original_best_tpr,original_best_fpr,new_best_tpr,new_best_fpr
1,37,7,0,0,0,0.4702448264163746,0.0,0.0,0.0,0.9702448264163746,0.0,0.0,0.0,0.0,0.0,0.0,0.0,0.0,0.0,0.0,0.0,0.0,0.0
2,327,7,2,0,0,0.47058407780165107,0.42432338195936514,0.0,0.0,0.970584077801651,0.9243233819593653,0.7102227750763316,0.0,0.0,0.8165969316596932,0.5871781823664668,0.8143446794074409,0.8127285235025821,0.0,0.9832635983263598,0.16666666666666666,0.9832635983263598,0.16891891891891891
3,831,8,3,0,0,0.47716178521617836,0.44728881601266524,-5.551115123125783e-17,-1.1633612110430947e-14,0.9771617852161786,0.9472888160126655,0.9267122771306873,0.0,0.0,0.8732142184025029,0.724788203475442,0.8732142184025029,0.8714928317438778,0.0,0.9497907949790795,0.07657657657657657,0.9497907949790795,0.07657657657657657
4,1510,6,1,0,0,0.4646566022089035,0.4444899920841343,5.551115123125783e-17,1.1946704505513676e-14,0.9646566022089035,0.9444899920841343,0.9514917637302575,0.0,0.0,0.8889799841682686,0.7252000954929825,0.8889799841682686,0.8889799841682686,0.0,0.9497907949790795,0.060810810810810814,0.9497907949790795,0.060810810810810814
