depth,total_points,original_hull_points,new_hull_points,remaining_points,subgroups_removed,original_hull_area,new_hull_area,hull_area_reduction,area_reduction_percentage,original_auc,new_auc,all_points_auc,auc_reduction,auc_reduction_percentage,original_max_quality,original_avg_quality,new_max_quality,new_avg_quality,quality_reduction,original_best_tpr,original_best_fpr,new_best_tpr,new_best_fpr
1,61,5,0,0,0,0.21064747834079423,0.0,0.0,0.0,0.7106474783407941,0.0,0.0,0.0,0.0,0.0,0.0,0.0,0.0,0.0,0.0,0.0,0.0,0.0
2,3130,6,2,0,0,0.4737536382359449,0.3980187571275382,0.0,0.0,0.973753638235945,0.8980187571275382,0.7244520306037345,0.0,0.0,0.8599172780037787,0.644874129802046,0.7848717468638831,0.5648925124678729,0.0,0.9424860853432282,0.08256880733944955,0.9591836734693877,0.1743119266055046
3,899,5,3,0,0,0.48375346802607616,0.4287629146737927,-5.551115123125783e-17,-1.147509111568076e-14,0.9837534680260762,0.9287629146737928,0.7829627368044799,0.0,0.0,0.9149631495634116,0.6904818641384827,0.8399176184235162,0.5411141938009566,0.0,0.9424860853432282,0.027522935779816515,0.9591836734693877,0.11926605504587157
4,3292,5,5,0,0,0.4892469915405695,0.47399193205222034,0.0,0.0,0.9892469915405696,0.9739919320522203,0.8040176975711051,0.0,0.0,0.9287246174533199,0.7683579853959933,0.9149631495634116,0.6672737485319399,0.0,0.9424860853432282,0.013761467889908258,0.9424860853432282,0.027522935779816515
