depth,total_points,original_hull_points,new_hull_points,remaining_points,subgroups_removed,original_hull_area,new_hull_area,hull_area_reduction,area_reduction_percentage,original_auc,new_auc,all_points_auc,auc_reduction,auc_reduction_percentage,original_max_quality,original_avg_quality,new_max_quality,new_avg_quality,quality_reduction,original_best_tpr,original_best_fpr,new_best_tpr,new_best_fpr
1,86,2,3,0,0,0.16793650793650794,0.16158730158730158,5.551115123125783e-17,3.305484430594747e-14,0.6679365079365079,0.6615873015873016,0.6072486772486775,0.0,0.0,0.23809523809523814,0.2377777777777778,0.2371428571428572,0.231957671957672,0.0,1.0,0.7619047619047619,0.9911111111111112,0.753968253968254
2,6076,4,2,0,0,0.39435626102292765,0.3592592592592593,-5.551115123125783e-17,-1.4076396577872625e-14,0.8943562610229276,0.8592592592592593,0.7314638447971782,0.0,0.0,0.6882539682539682,0.4692063492063492,0.6882539682539682,0.606031746031746,0.0,0.9422222222222222,0.25396825396825395,0.9422222222222222,0.25396825396825395
3,3705,5,4,0,0,0.42901234567901236,0.4108994708994709,5.551115123125783e-17,1.2939289927285996e-14,0.9290123456790124,0.9108994708994708,0.8204232804232805,0.0,0.0,0.7596825396825396,0.5538412698412698,0.7596825396825396,0.5355555555555556,0.0,0.9422222222222222,0.18253968253968253,0.9422222222222222,0.18253968253968253
4,3598,4,2,0,0,0.4515873015873015,0.25460317460317455,-5.551115123125783e-17,-1.2292451766499978e-14,0.9515873015873016,0.7546031746031746,0.8659435626102292,0.0,0.0,0.8073015873015873,0.5856349206349206,0.5006349206349207,0.4303174603174603,0.0,0.9422222222222222,0.1349206349206349,0.5244444444444445,0.023809523809523808
