depth,total_points,original_hull_points,new_hull_points,remaining_points,subgroups_removed,original_hull_area,new_hull_area,hull_area_reduction,area_reduction_percentage,original_auc,new_auc,all_points_auc,auc_reduction,auc_reduction_percentage,original_max_quality,original_avg_quality,new_max_quality,new_avg_quality,quality_reduction,original_best_tpr,original_best_fpr,new_best_tpr,new_best_fpr
1,56,5,5,51,5,0.2969513493974348,0.26640352179497945,0.0,0.0,0.7969513493974347,0.7664035217949793,0.7045365057029067,0.0,0.0,0.5206589164800124,0.24228477740267618,0.45294053098030607,0.216751763802196,0.0,0.8416289592760181,0.3209700427960057,0.7239819004524887,0.2710413694721826
2,1178,9,8,1169,9,0.33970862568664034,0.33925355503772886,0.0,0.0,0.8397086256866402,0.8392535550377288,0.6968390340883419,0.0,0.0,0.5544051484304904,0.32524318846379774,0.5544051484304904,0.3207901123798581,0.0,0.832579185520362,0.2781740370898716,0.832579185520362,0.2781740370898716
3,1512,9,10,1503,9,0.35544890621671693,0.3518890273106939,0.0,0.0,0.8554489062167169,0.8518890273106938,0.7374758748007051,0.0,0.0,0.5745767197474843,0.37650802667165845,0.5615378160481794,0.3681321447705605,0.0,0.8099547511312217,0.23537803138373753,0.832579185520362,0.2710413694721826
4,981,10,9,971,10,0.360238444110224,0.35788563203180984,-5.551115123125783e-17,-1.5409557791192546e-14,0.8602384441102239,0.8578856320318098,0.7604424190393815,0.0,0.0,0.5824000619670671,0.38584568909315065,0.576003253271022,0.3873974477314244,0.0,0.7963800904977375,0.21398002853067047,0.8099547511312217,0.23395149786019973
