depth,total_points,original_hull_points,new_hull_points,remaining_points,subgroups_removed,original_hull_area,new_hull_area,hull_area_reduction,area_reduction_percentage,original_auc,new_auc,all_points_auc,auc_reduction,auc_reduction_percentage,original_max_quality,original_avg_quality,new_max_quality,new_avg_quality,quality_reduction,original_best_tpr,original_best_fpr,new_best_tpr,new_best_fpr
1,78,4,4,74,4,0.464945277527191,0.412061071300914,-5.551115123125783e-17,-1.1939287033195301e-14,0.9649452775271912,0.9120610713009141,0.6892201834862386,0.0,0.0,0.8404452690166976,0.49141078449728515,0.7646848564279758,0.5547522595360079,0.0,0.8404452690166976,0.0,0.7922077922077922,0.027522935779816515
2,947,4,4,943,4,0.464945277527191,0.464945277527191,-5.551115123125783e-17,-1.1939287033195301e-14,0.9649452775271912,0.9649452775271912,0.6335600936579798,0.0,0.0,0.8404452690166976,0.49141078449728515,0.8404452690166976,0.49141078449728515,0.0,0.8404452690166976,0.0,0.8404452690166976,0.0
3,886,4,5,882,4,0.464945277527191,0.4642686932988374,-5.551115123125783e-17,-1.1939287033195301e-14,0.9649452775271912,0.9642686932988375,0.6169182226685502,0.0,0.0,0.8404452690166976,0.49141078449728515,0.8404452690166976,0.414404861193852,0.0,0.8404452690166976,0.0,0.8404452690166976,0.0
4,725,4,3,721,4,0.464945277527191,0.4362819356266276,-5.551115123125783e-17,-1.1939287033195301e-14,0.9649452775271912,0.9362819356266276,0.6516452911439805,0.0,0.0,0.8404452690166976,0.49141078449728515,0.8348794063079777,0.5457949651920818,0.0,0.8404452690166976,0.0,0.8348794063079777,0.0
