rank,conditions,coverage,coverage_ratio,tpr,fpr,precision,roc_quality,keep_reason
1,marital-status == Married-civ-spouse AND age >= 28.0 AND education-num >= 9.0 AND occupation != Machine-op-inspct,326,0.35357917570498915,0.7963800904977375,0.21398002853067047,0.5398773006134969,0.5824000619670671,ROC_HULL
2,age >= 28.0 AND marital-status == Married-civ-spouse AND education != 9th AND race != Amer-Indian-Eskimo,372,0.403470715835141,0.832579185520362,0.268188302425107,0.4946236559139785,0.5643908830952551,ROC_HULL
3,age >= 28.0 AND marital-status == Married-civ-spouse AND occupation != Transport-moving AND education-num >= 10.0,210,0.227765726681128,0.6063348416289592,0.10841654778887304,0.638095238095238,0.4979182938400862,ROC_HULL
4,age >= 28.0 AND marital-status == Married-civ-spouse AND education-num >= 10.0 AND education != Some-college,150,0.16268980477223427,0.4796380090497738,0.06276747503566334,0.7066666666666667,0.41687053401411045,ROC_HULL
5,age >= 28.0 AND occupation != Other-service AND relationship != Own-child AND education != 9th,598,0.648590021691974,0.9592760180995475,0.550641940085592,0.35451505016722407,0.40863407801395557,ROC_HULL
6,age >= 28.0 AND marital-status != Separated AND occupation != Handlers-cleaners AND education != 9th,647,0.7017353579175705,0.9819004524886877,0.6134094151212554,0.33539412673879443,0.3684910373674324,ROC_HULL
7,marital-status == Married-civ-spouse AND occupation == Exec-managerial AND workclass != Self-emp-not-inc AND education-num != 10.0,53,0.057483731019522775,0.21266968325791855,0.008559201141226819,0.8867924528301887,0.20411048211669172,ROC_HULL
8,age != 17 AND education != 9th AND marital-status != Married-spouse-absent AND race != Amer-Indian-Eskimo,876,0.9501084598698482,1.0,0.9343794579172611,0.2522831050228311,0.06562054208273893,ROC_HULL
