fpr,tpr,quality,coverage
0.2364217252396166,0.5783132530120482,0.3418915277724316,340
0.41533546325878595,0.7228915662650602,0.3075561030062743,500
0.16293929712460065,0.44879518072289154,0.2858558835982909,251
0.2971246006389776,0.5632530120481928,0.26612841140921517,373
0.10862619808306709,0.35542168674698793,0.24679548866392084,186
0.0,0.21686746987951808,0.21686746987951808,72
