depth,total_points,original_hull_points,new_hull_points,remaining_points,subgroups_removed,original_hull_area,new_hull_area,hull_area_reduction,area_reduction_percentage,original_auc,new_auc,all_points_auc,auc_reduction,auc_reduction_percentage,original_max_quality,original_avg_quality,new_max_quality,new_avg_quality,quality_reduction,original_best_tpr,original_best_fpr,new_best_tpr,new_best_fpr
1,37,7,5,0,0,0.4702448264163746,0.44586113309962677,0.0,0.0,0.9702448264163746,0.9458611330996268,0.8387472200233707,0.0,0.0,0.8143446794074409,0.5865346817229663,0.808860115345471,0.6632458818651287,0.0,0.9832635983263598,0.16891891891891891,0.9372384937238494,0.12837837837837837
2,761,7,2,0,0,0.46788891401862115,0.4370924271551887,1.1102230246251565e-16,2.372834643782502e-14,0.9678889140186211,0.9370924271551887,0.8503006144219534,0.0,0.0,0.8732142184025029,0.7651976543189932,0.872563986580723,0.869506012288439,0.0,0.9497907949790795,0.07657657657657657,0.9288702928870293,0.05630630630630631
3,822,6,2,0,0,0.4554544083832786,0.4402305024689962,-5.551115123125783e-17,-1.2188080784705792e-14,0.9554544083832787,0.9402305024689962,0.9355045421991028,0.0,0.0,0.8732047947529119,0.7305103220375186,0.8732047947529119,0.8728843906668174,0.0,0.9205020920502092,0.0472972972972973,0.9205020920502092,0.0472972972972973
4,1912,7,1,0,0,0.4548937012326134,0.4366023973764559,5.551115123125783e-17,1.2203103951723389e-14,0.9548937012326134,0.936602397376456,0.9417194391043764,0.0,0.0,0.8732047947529119,0.7414231326365217,0.8732047947529119,0.8732047947529119,0.0,0.9205020920502092,0.0472972972972973,0.9205020920502092,0.0472972972972973
