depth,total_points,original_hull_points,new_hull_points,remaining_points,subgroups_removed,original_hull_area,new_hull_area,hull_area_reduction,area_reduction_percentage,original_auc,new_auc,all_points_auc,auc_reduction,auc_reduction_percentage,original_max_quality,original_avg_quality,new_max_quality,new_avg_quality,quality_reduction,original_best_tpr,original_best_fpr,new_best_tpr,new_best_fpr
1,42,4,0,0,0,0.1539268401314218,0.0,0.0,0.0,0.6539268401314217,0.0,0.0,0.0,0.0,0.0,0.0,0.0,0.0,0.0,0.0,0.0,0.0,0.0
2,1435,9,3,0,0,0.33970862568664034,0.27809012335319294,0.0,0.0,0.8397086256866402,0.778090123353193,0.6950671632638568,0.0,0.0,0.5544051484304904,0.32524318846379763,0.5544051484304904,0.5433866293142956,0.0,0.832579185520362,0.2781740370898716,0.832579185520362,0.2781740370898716
3,1573,12,3,0,0,0.35579747096907466,0.2926233370556606,1.1102230246251565e-16,3.120379191007952e-14,0.8557974709690747,0.7926233370556607,0.7405354987380669,0.0,0.0,0.5745767197474843,0.3593584256922345,0.5745767197474843,0.5560619068213262,0.0,0.8099547511312217,0.23537803138373753,0.8099547511312217,0.23537803138373753
4,453,8,3,0,0,0.35964459305065155,0.29878454179872327,-5.551115123125783e-17,-1.543500230613498e-14,0.8596445930506516,0.7987845417987232,0.7490107861426146,0.0,0.0,0.5824000619670671,0.39054098540546467,0.5824000619670671,0.5716784683806585,0.0,0.7963800904977375,0.21398002853067047,0.7963800904977375,0.21398002853067047
