depth,total_points,original_hull_points,new_hull_points,remaining_points,subgroups_removed,original_hull_area,new_hull_area,hull_area_reduction,area_reduction_percentage,original_auc,new_auc,all_points_auc,auc_reduction,auc_reduction_percentage,original_max_quality,original_avg_quality,new_max_quality,new_avg_quality,quality_reduction,original_best_tpr,original_best_fpr,new_best_tpr,new_best_fpr
1,42,4,0,0,0,0.1539268401314218,0.0,0.0,0.0,0.6539268401314217,0.0,0.0,0.0,0.0,0.0,0.0,0.0,0.0,0.0,0.0,0.0,0.0,0.0
2,1435,9,0,0,0,0.33970862568664034,0.0,0.0,0.0,0.8397086256866402,0.0,0.0,0.0,0.0,0.0,0.0,0.0,0.0,0.0,0.0,0.0,0.0,0.0
3,810,12,0,0,0,0.35579747096907466,0.0,0.0,0.0,0.8557974709690747,0.0,0.0,0.0,0.0,0.0,0.0,0.0,0.0,0.0,0.0,0.0,0.0,0.0
4,1003,12,2,0,0,0.3615132874174579,0.29493741971714615,-1.6653345369377348e-16,-4.606565221528601e-14,0.8615132874174579,0.794937419717146,0.7366431923367399,0.0,0.0,0.5824000619670671,0.39646604828697635,0.5824000619670671,0.5813414579043512,0.0,0.7963800904977375,0.21398002853067047,0.7963800904977375,0.21398002853067047
