depth,total_points,original_hull_points,new_hull_points,remaining_points,subgroups_removed,original_hull_area,new_hull_area,hull_area_reduction,area_reduction_percentage,original_auc,new_auc,all_points_auc,auc_reduction,auc_reduction_percentage,original_max_quality,original_avg_quality,new_max_quality,new_avg_quality,quality_reduction,original_best_tpr,original_best_fpr,new_best_tpr,new_best_fpr
2,2182,13,3,0,0,0.35283144312262377,0.29201012128762405,0.0,0.0,0.8528314431226239,0.792010121287624,0.7196732528191786,0.0,0.0,0.5745767197474843,0.38723011678905334,0.5745767197474843,0.5634247993063131,0.0,0.8099547511312217,0.23537803138373753,0.8099547511312217,0.23537803138373753
3,7716,13,3,0,0,0.3571723652700408,0.2971224043222029,5.551115123125783e-17,1.554183823524211e-14,0.8571723652700409,0.7971224043222029,0.7430335461299629,0.0,0.0,0.5802828538416354,0.3751286635918158,0.5802828538416354,0.5585427411390321,0.0,0.8099547511312217,0.2296718972895863,0.8099547511312217,0.2296718972895863
4,661,11,4,0,0,0.3590378321854364,0.29950426346331355,0.0,0.0,0.8590378321854364,0.7995042634633136,0.7306401327128018,0.0,0.0,0.5817093873651732,0.35757814393377035,0.5817093873651732,0.561369988574822,0.0,0.8099547511312217,0.2282453637660485,0.8099547511312217,0.2282453637660485
