depth,total_points,original_hull_points,new_hull_points,remaining_points,subgroups_removed,original_hull_area,new_hull_area,hull_area_reduction,area_reduction_percentage,original_auc,new_auc,all_points_auc,auc_reduction,auc_reduction_percentage,original_max_quality,original_avg_quality,new_max_quality,new_avg_quality,quality_reduction,original_best_tpr,original_best_fpr,new_best_tpr,new_best_fpr
1,42,4,0,0,0,0.1539268401314218,0.0,0.0,0.0,0.6539268401314217,0.0,0.0,0.0,0.0,0.0,0.0,0.0,0.0,0.0,0.0,0.0,0.0,0.0
2,1435,9,5,0,0,0.33970862568664034,0.3014665539210307,0.0,0.0,0.8397086256866402,0.8014665539210307,0.6950671632638568,0.0,0.0,0.5544051484304904,0.32524318846379763,0.5465366218911574,0.42206931274649656,0.0,0.832579185520362,0.2781740370898716,0.8190045248868778,0.2724679029957204
3,1464,12,7,0,0,0.35579747096907466,0.30725337430044986,1.1102230246251565e-16,3.120379191007952e-14,0.8557974709690747,0.80725337430045,0.7446569541895549,0.0,0.0,0.5745767197474843,0.3593584256922345,0.5598659962174268,0.4136901111810905,0.0,0.8099547511312217,0.23537803138373753,0.8280542986425339,0.268188302425107
4,453,8,11,0,0,0.35964459305065155,0.35346079614771403,-5.551115123125783e-17,-1.543500230613498e-14,0.8596445930506516,0.8534607961477139,0.7490107861426146,0.0,0.0,0.5824000619670671,0.39054098540546467,0.576003253271022,0.38045549315164157,0.0,0.7963800904977375,0.21398002853067047,0.8099547511312217,0.23395149786019973
