depth,total_points,original_hull_points,new_hull_points,remaining_points,subgroups_removed,original_hull_area,new_hull_area,hull_area_reduction,area_reduction_percentage,original_auc,new_auc,all_points_auc,auc_reduction,auc_reduction_percentage,original_max_quality,original_avg_quality,new_max_quality,new_avg_quality,quality_reduction,original_best_tpr,original_best_fpr,new_best_tpr,new_best_fpr
1,21,2,2,0,0,0.059086184995573394,0.059086184995573394,5.551115123125783e-17,9.394945914246554e-14,0.5590861849955733,0.5590861849955733,0.555145502136341,0.0,0.0,0.10141845336618038,0.10109126602255669,0.10141845336618038,0.10109126602255669,0.0,0.6405750798722045,0.5391566265060241,0.6405750798722045,0.5391566265060241
2,448,3,1,0,0,0.16639401054698028,0.1608029562338812,2.7755575615628914e-17,1.6680633830742548e-14,0.6663940105469803,0.6608029562338813,0.560784672235267,0.0,0.0,0.32160591246776243,0.2277608837907541,0.32160591246776243,0.32160591246776243,0.0,0.5143769968051118,0.1927710843373494,0.5143769968051118,0.1927710843373494
3,744,1,1,0,0,0.17252396166134185,0.17252396166134182,2.7755575615628914e-17,1.6087954014244168e-14,0.6725239616613419,0.6725239616613419,0.6157473343854653,0.0,0.0,0.3450479233226837,0.3450479233226837,0.3450479233226837,0.3450479233226837,0.0,0.3450479233226837,0.0,0.3450479233226837,0.0
4,288,1,1,0,0,0.13258785942492013,0.13258785942492013,0.0,0.0,0.6325878594249201,0.6325878594249201,0.6285942492012779,0.0,0.0,0.26517571884984026,0.26517571884984026,0.26517571884984026,0.26517571884984026,0.0,0.26517571884984026,0.0,0.26517571884984026,0.0
