rank,conditions,coverage,coverage_ratio,tpr,fpr,precision,roc_quality,keep_reason
1,Attribute5 <= 0.41266 AND Attribute26 != -0.01505,87,0.24786324786324787,0.5952380952380952,0.05333333333333334,0.8620689655172413,0.5419047619047619,ROC_HULL
2,Attribute15 <= 0.0 AND Attribute12 <= 0.02825,53,0.150997150997151,0.42063492063492064,0.0,1.0,0.42063492063492064,ROC_HULL
3,Attribute3 != 0.87111 AND Attribute4 != 0.01631,349,0.9943019943019943,1.0,0.9911111111111112,0.36103151862464183,0.008888888888888835,ROC_HULL
