depth,total_points,original_hull_points,new_hull_points,remaining_points,subgroups_removed,original_hull_area,new_hull_area,hull_area_reduction,area_reduction_percentage,original_auc,new_auc,all_points_auc,auc_reduction,auc_reduction_percentage,original_max_quality,original_avg_quality,new_max_quality,new_avg_quality,quality_reduction,original_best_tpr,original_best_fpr,new_best_tpr,new_best_fpr
1,78,4,3,0,0,0.464945277527191,0.4047080049701282,-5.551115123125783e-17,-1.1939287033195301e-14,0.9649452775271912,0.9047080049701282,0.6892201834862386,0.0,0.0,0.8404452690166976,0.49141078449728515,0.7646848564279758,0.7029724316749218,0.0,0.8404452690166976,0.0,0.7922077922077922,0.027522935779816515
2,1642,4,2,0,0,0.41272914503582914,0.38771680482034354,0.0,0.0,0.912729145035829,0.8877168048203433,0.823544492859696,0.0,0.0,0.7747357491787373,0.7316577590168678,0.772880461609164,0.7687826590185699,0.0,0.7884972170686456,0.013761467889908258,0.7866419294990723,0.013761467889908258
3,9129,3,2,0,0,0.39312522340045275,0.38869763918912026,0.0,0.0,0.8931252234004529,0.8886976391891203,0.8842168643937974,0.0,0.0,0.7793229051420401,0.7689216637447305,0.7760506204149716,0.7758314752089326,0.0,0.7884972170686456,0.009174311926605505,0.7829313543599258,0.006880733944954129
4,2246,3,1,0,0,0.3912827015710371,0.38802531020748576,-5.551115123125783e-17,-1.418696789006396e-14,0.8912827015710372,0.8880253102074859,0.8875104253544621,0.0,0.0,0.7760506204149716,0.767684805365015,0.7760506204149716,0.7760506204149716,0.0,0.7829313543599258,0.006880733944954129,0.7829313543599258,0.006880733944954129
