fpr,tpr,quality,coverage
0.19047619047619047,0.9391891891891891,0.7487129987129987,346
0.1484593837535014,0.8851351351351351,0.7366757513816337,315
0.04481792717086835,0.6756756756756757,0.6308577485048074,216
0.03361344537815126,0.6182432432432432,0.584629797865092,195
0.0056022408963585435,0.40540540540540543,0.3998031645090469,122
0.0,0.23648648648648649,0.23648648648648649,70
0.9747899159663865,1.0,0.025210084033613467,644
