rank,conditions,coverage,coverage_ratio,tpr,fpr,precision,roc_quality,keep_reason
1,A15 >= 66.0 AND A11 != 2.0 AND A13 <= 0.0 AND A14 != 0.0,347,0.5313935681470138,0.6502463054187192,0.4777777777777778,0.3804034582132565,0.1724685276409414,HIGH_QUALITY
2,A15 >= 66.0 AND A11 != 2.0 AND A13 <= 0.0 AND A2 != 0.0,210,0.3215926493108729,0.43842364532019706,0.2688888888888889,0.4238095238095238,0.16953475643130816,ROC_HULL
3,A15 >= 66.0 AND A11 != 2.0 AND A10 != 8 AND A4 <= 0.0,426,0.6523736600306279,0.7635467980295566,0.6022222222222222,0.36384976525821594,0.1613245758073344,HIGH_QUALITY
4,A3 <= 16.0 AND A2 != 0.0 AND A13 == 0.0 AND A11 != 2.0,142,0.21745788667687596,0.3251231527093596,0.1688888888888889,0.4647887323943662,0.1562342638204707,ROC_HULL
5,A15 >= 66.0 AND A11 != 2.0 AND A10 != 8 AND A4 != 2,459,0.7029096477794793,0.8078817733990148,0.6555555555555556,0.3572984749455338,0.15232621784345923,ROC_HULL
6,A11 != 2.0 AND A10 != 8 AND A4 <= 0.0 AND A14 != 2.835,568,0.8698315467075038,0.9408866995073891,0.8377777777777777,0.3362676056338028,0.10310892172961139,ROC_HULL
7,A9 <= 0.0 AND A11 >= 6.0 AND A14 != 2.835 AND A13 != 2,54,0.08269525267993874,0.15270935960591134,0.051111111111111114,0.5740740740740741,0.10159824849480023,ROC_HULL
8,A11 != 2.0 AND A10 != 8 AND A4 != 2 AND A15 != 0,608,0.9310872894333844,0.9852216748768473,0.9066666666666666,0.32894736842105265,0.07855500821018069,ROC_HULL
9,A10 != 8 AND A4 != 2 AND A15 != 0 AND A14 != 2.835,645,0.9877488514548239,1.0,0.9822222222222222,0.3147286821705426,0.01777777777777778,ROC_HULL
