depth,total_points,original_hull_points,new_hull_points,remaining_points,subgroups_removed,original_hull_area,new_hull_area,hull_area_reduction,area_reduction_percentage,original_auc,new_auc,all_points_auc,auc_reduction,auc_reduction_percentage,original_max_quality,original_avg_quality,new_max_quality,new_avg_quality,quality_reduction,original_best_tpr,original_best_fpr,new_best_tpr,new_best_fpr
1,37,7,1,0,0,0.4702448264163746,0.1624825662482567,0.0,0.0,0.9702448264163746,0.6624825662482566,0.8387472200233707,0.0,0.0,0.8143446794074409,0.5865346817229663,0.32496513249651326,0.32496513249651326,0.0,0.9832635983263598,0.16891891891891891,0.9916317991631799,0.6666666666666666
2,234,6,3,0,0,0.4754042745674544,0.463007463530476,-5.551115123125783e-17,-1.1676620131731995e-14,0.9754042745674545,0.9630074635304761,0.8406696445399374,0.0,0.0,0.8532737758679182,0.7140110822119189,0.8188491839119454,0.7527297171648636,0.0,0.9748953974895398,0.12162162162162163,0.9832635983263598,0.16441441441441443
3,4446,6,6,0,0,0.4816238832975235,0.47481058464322073,5.551115123125783e-17,1.1525830249777247e-14,0.9816238832975235,0.9748105846432207,0.8355855855855854,0.0,0.0,0.8848053073994497,0.6968333396157663,0.8622827848769272,0.7077317903677737,0.0,0.9748953974895398,0.09009009009009009,0.9748953974895398,0.11261261261261261
4,69966,9,9,0,0,0.4825615364318293,0.4765162652191942,-5.551115123125783e-17,-1.1503434700104781e-14,0.9825615364318293,0.9765162652191941,0.8155650420294772,0.0,0.0,0.8893098119039542,0.7488314674507143,0.8848053073994497,0.762818257588132,0.0,0.9748953974895398,0.08558558558558559,0.9748953974895398,0.09009009009009009
