depth,total_points,original_hull_points,new_hull_points,remaining_points,subgroups_removed,original_hull_area,new_hull_area,hull_area_reduction,area_reduction_percentage,original_auc,new_auc,all_points_auc,auc_reduction,auc_reduction_percentage,original_max_quality,original_avg_quality,new_max_quality,new_avg_quality,quality_reduction,original_best_tpr,original_best_fpr,new_best_tpr,new_best_fpr
1,31,5,0,0,0,0.058440065681444976,0.0,0.0,0.0,0.5584400656814449,0.0,0.0,0.0,0.0,0.0,0.0,0.0,0.0,0.0,0.0,0.0,0.0,0.0
2,1039,5,1,0,0,0.11972085385878492,0.0786152162014231,-1.3877787807814457e-17,-1.1591788197721853e-14,0.619720853858785,0.5786152162014231,0.5548440065681443,0.0,0.0,0.1572304324028462,0.0966984126984127,0.1572304324028462,0.1572304324028462,0.0,0.22167487684729065,0.06444444444444444,0.22167487684729065,0.06444444444444444
3,924,6,2,0,0,0.1310673234811166,0.12603174603174602,0.0,0.0,0.6310673234811166,0.6260317460317459,0.5667542419266557,0.0,0.0,0.1594526546250684,0.10862433862433862,0.1594526546250684,0.1538533114395183,0.0,0.22167487684729065,0.06222222222222222,0.22167487684729065,0.06222222222222222
4,237,5,2,0,0,0.13285166940339357,0.12784893267651887,0.0,0.0,0.6328516694033935,0.6278489326765189,0.57367816091954,0.0,0.0,0.16167487684729065,0.10742200328407225,0.16167487684729065,0.15607553366174054,0.0,0.22167487684729065,0.06,0.22167487684729065,0.06
