depth,total_points,original_hull_points,new_hull_points,remaining_points,subgroups_removed,original_hull_area,new_hull_area,hull_area_reduction,area_reduction_percentage,original_auc,new_auc,all_points_auc,auc_reduction,auc_reduction_percentage,original_max_quality,original_avg_quality,new_max_quality,new_avg_quality,quality_reduction,original_best_tpr,original_best_fpr,new_best_tpr,new_best_fpr
1,33,8,0,0,0,0.14728120978120982,0.0,0.0,0.0,0.6472812097812097,0.0,0.0,0.0,0.0,0.0,0.0,0.0,0.0,0.0,0.0,0.0,0.0,0.0
2,1120,4,1,0,0,0.4211900976606859,0.37435649935649934,0.0,0.0,0.9211900976606858,0.8743564993564993,0.663070633658869,0.0,0.0,0.7487129987129987,0.4530007949125596,0.7487129987129987,0.7487129987129987,0.0,0.9391891891891891,0.19047619047619047,0.9391891891891891,0.19047619047619047
3,1201,7,2,0,0,0.42587440381558034,0.3803183435536377,0.0,0.0,0.9258744038155803,0.8803183435536376,0.6762671284730108,0.0,0.0,0.7487129987129987,0.510301417864443,0.7487129987129987,0.7469812249224015,0.0,0.9391891891891891,0.19047619047619047,0.9391891891891891,0.19047619047619047
4,252,9,2,0,0,0.4274169127110303,0.3803183435536377,0.0,0.0,0.9274169127110303,0.8803183435536376,0.66231357407828,0.0,0.0,0.7487129987129987,0.501338523397347,0.7487129987129987,0.7469812249224015,0.0,0.9391891891891891,0.19047619047619047,0.9391891891891891,0.19047619047619047
