fpr,tpr,quality,coverage
0.027522935779816515,0.9424860853432282,0.9149631495634116,2128
0.1743119266055046,0.9591836734693877,0.7848717468638831,2676
0.5412844036697247,0.9962894248608535,0.45500502119112873,4036
0.6697247706422018,1.0,0.3302752293577982,4492
