fpr,tpr,quality,coverage
0.027522935779816515,0.9424860853432282,0.9149631495634116,2128
0.1743119266055046,0.9591836734693877,0.7848717468638831,2676
0.6009174311926605,0.9962894248608535,0.395371993668193,4244
0.7247706422018348,1.0,0.27522935779816515,4684
