rank,conditions,coverage,coverage_ratio,tpr,fpr,precision,roc_quality,keep_reason
1,odor != 3.0 AND stalk-root != 1.0 AND stalk-surface-below-ring != 2.0,2128,0.3770375620127569,0.9424860853432282,0.027522935779816515,0.9548872180451128,0.9149631495634116,ROC_HULL
2,odor != 3.0 AND stalk-root <= 2.0 AND cap-shape >= 0.0,2676,0.4741318214032601,0.9591836734693877,0.1743119266055046,0.772795216741405,0.7848717468638831,ROC_HULL
3,ring-type != 1.0 AND stalk-color-below-ring != 2.0,4244,0.7519489723600283,0.9962894248608535,0.6009174311926605,0.5061262959472196,0.395371993668193,ROC_HULL
4,stalk-color-below-ring != 2.0 AND population != 2.0,4684,0.8299078667611623,1.0,0.7247706422018348,0.46029035012809566,0.27522935779816515,ROC_HULL
