depth,total_points,original_hull_points,new_hull_points,remaining_points,subgroups_removed,original_hull_area,new_hull_area,hull_area_reduction,area_reduction_percentage,original_auc,new_auc,all_points_auc,auc_reduction,auc_reduction_percentage,original_max_quality,original_avg_quality,new_max_quality,new_avg_quality,quality_reduction,original_best_tpr,original_best_fpr,new_best_tpr,new_best_fpr
2,1177,8,3,0,0,0.4834096648950206,0.4724593840702627,0.0,0.0,0.9834096648950205,0.9724593840702628,0.8854131327980701,0.0,0.0,0.8889799841682686,0.6476674111349843,0.8889799841682686,0.8558307261236132,0.0,0.9497907949790795,0.060810810810810814,0.9497907949790795,0.060810810810810814
3,447,10,5,0,0,0.4841352859135286,0.47318500508877076,0.0,0.0,0.9841352859135285,0.9731850050887708,0.8906950883938333,0.0,0.0,0.891232236420521,0.6928078706321383,0.891232236420521,0.8628463191224698,0.0,0.9497907949790795,0.05855855855855856,0.9497907949790795,0.05855855855855856
4,415,10,5,0,0,0.4841352859135286,0.4731850050887708,0.0,0.0,0.9841352859135285,0.9731850050887708,0.8942336688152589,0.0,0.0,0.891232236420521,0.6928078706321383,0.891232236420521,0.8628463191224698,0.0,0.9497907949790795,0.05855855855855856,0.9497907949790795,0.05855855855855856
