depth,total_points,original_hull_points,new_hull_points,remaining_points,subgroups_removed,original_hull_area,new_hull_area,hull_area_reduction,area_reduction_percentage,original_auc,new_auc,all_points_auc,auc_reduction,auc_reduction_percentage,original_max_quality,original_avg_quality,new_max_quality,new_avg_quality,quality_reduction,original_best_tpr,original_best_fpr,new_best_tpr,new_best_fpr
1,37,6,3,0,0,0.4198801311772023,0.41461702288062124,-5.551115123125783e-17,-1.3220713987018931e-14,0.9198801311772022,0.9146170228806212,0.7859088167665574,0.0,0.0,0.6402710241622375,0.4978671139759005,0.6402710241622375,0.6260664430120496,0.0,0.6779279279279279,0.03765690376569038,0.6779279279279279,0.03765690376569038
2,1603,7,5,0,0,0.48527083568924567,0.48207621847789217,0.0,0.0,0.9852708356892458,0.9820762184778922,0.8867889856383578,0.0,0.0,0.8548852199479814,0.7481045001965504,0.8548852199479814,0.8327980700365638,0.0,0.8716216216216216,0.016736401673640166,0.8716216216216216,0.016736401673640166
3,466,8,6,0,0,0.48895077085453653,0.4853038184628143,-5.551115123125783e-17,-1.135311662035859e-14,0.9889507708545365,0.9853038184628143,0.8821713973387615,0.0,0.0,0.8854366919220475,0.7837767160465905,0.8854366919220475,0.8495090278563081,0.0,0.9481981981981982,0.06276150627615062,0.9481981981981982,0.06276150627615062
4,345,7,5,0,0,0.49041614836593916,0.4850258207998793,0.0,0.0,0.9904161483659392,0.9850258207998794,0.8863743450563535,0.0,0.0,0.8973481850050887,0.7977119378793018,0.8973481850050887,0.8754702401145916,0.0,0.9391891891891891,0.04184100418410042,0.9391891891891891,0.04184100418410042
