depth,total_points,original_hull_points,new_hull_points,remaining_points,subgroups_removed,original_hull_area,new_hull_area,hull_area_reduction,area_reduction_percentage,original_auc,new_auc,all_points_auc,auc_reduction,auc_reduction_percentage,original_max_quality,original_avg_quality,new_max_quality,new_avg_quality,quality_reduction,original_best_tpr,original_best_fpr,new_best_tpr,new_best_fpr
1,26,6,3,0,0,0.4309906140450073,0.42168476007388145,-5.551115123125783e-17,-1.2879897942617592e-14,0.9309906140450075,0.9216847600738813,0.7670379584605527,0.0,0.0,0.6874929322628067,0.5138967419302148,0.6874929322628067,0.658125698920678,0.0,0.7280334728033473,0.04054054054054054,0.7280334728033473,0.04054054054054054
2,1249,9,5,0,0,0.48189716913566283,0.4618106600324173,0.0,0.0,0.9818971691356628,0.9618106600324174,0.8470306080138718,0.0,0.0,0.8732142184025029,0.6822418652962585,0.8732142184025029,0.8556391119152625,0.0,0.9497907949790795,0.07657657657657657,0.9497907949790795,0.07657657657657657
3,351,9,4,0,0,0.4833484111726789,0.4715452900599344,0.0,0.0,0.9833484111726789,0.9715452900599344,0.9068330883184439,0.0,0.0,0.8889799841682686,0.6757667709550554,0.8889799841682686,0.8544611557163859,0.0,0.9497907949790795,0.060810810810810814,0.9497907949790795,0.060810810810810814
4,415,10,5,0,0,0.48413057408873317,0.47310961589204276,0.0,0.0,0.9841305740887331,0.9731096158920427,0.9009715782728334,0.0,0.0,0.891232236420521,0.6974103810923895,0.891232236420521,0.8620094990387879,0.0,0.9497907949790795,0.05855855855855856,0.9497907949790795,0.05855855855855856
