fpr,tpr,quality,coverage
0.19047619047619047,0.9391891891891891,0.7487129987129987,346
0.16246498599439776,0.875,0.7125350140056023,317
0.14565826330532214,0.8243243243243243,0.6786660610190022,296
0.10364145658263306,0.7736486486486487,0.6700071920660157,266
0.05042016806722689,0.6824324324324325,0.6320122643652055,220
0.0056022408963585435,0.40540540540540543,0.3998031645090469,122
0.0,0.23648648648648649,0.23648648648648649,70
0.9747899159663865,1.0,0.025210084033613467,644
