rank,conditions,coverage,coverage_ratio,tpr,fpr,precision,roc_quality,keep_reason
1,A9 == t AND A15 != 5.0,346,0.5298621745788668,0.9391891891891891,0.19047619047619047,0.8034682080924855,0.7487129987129987,ROC_HULL
2,A9 == t AND A15 != 5.0 AND A6 != aa,317,0.48545176110260335,0.875,0.16246498599439776,0.8170347003154574,0.7125350140056023,HIGH_QUALITY
3,A9 == t AND A15 != 5.0 AND A6 != aa AND A11 != 3.0,296,0.45329249617151607,0.8243243243243243,0.14565826330532214,0.8243243243243243,0.6786660610190022,HIGH_QUALITY
4,A9 == t AND A15 != 5.0 AND A4 == u AND A13 == g,266,0.40735068912710565,0.7736486486486487,0.10364145658263306,0.8609022556390977,0.6700071920660157,HIGH_QUALITY
5,A9 == t AND A15 != 5.0 AND A11 != 0.0,220,0.33690658499234305,0.6824324324324325,0.05042016806722689,0.9181818181818182,0.6320122643652055,HIGH_QUALITY
6,A9 == t AND A15 >= 400.0 AND A8 != 1.0 AND A3 >= 0.0,122,0.18683001531393567,0.40540540540540543,0.0056022408963585435,0.9836065573770492,0.3998031645090469,ROC_HULL
7,A9 == t AND A11 >= 3.0 AND A15 >= 400.0 AND A6 != q,70,0.10719754977029096,0.23648648648648649,0.0,1.0,0.23648648648648649,ROC_HULL
8,A15 != 5.0 AND A3 != 2.835,644,0.9862174578866769,1.0,0.9747899159663865,0.45962732919254656,0.025210084033613467,ROC_HULL
