depth,total_points,original_hull_points,new_hull_points,remaining_points,subgroups_removed,original_hull_area,new_hull_area,hull_area_reduction,area_reduction_percentage,original_auc,new_auc,all_points_auc,auc_reduction,auc_reduction_percentage,original_max_quality,original_avg_quality,new_max_quality,new_avg_quality,quality_reduction,original_best_tpr,original_best_fpr,new_best_tpr,new_best_fpr
2,1548,6,2,0,0,0.12000547345374928,0.08188286808976464,0.0,0.0,0.6200054734537493,0.5818828680897646,0.5633442802408316,0.0,0.0,0.1522386425834702,0.09871191388432769,0.10545155993431854,0.08978106185002738,0.0,0.4433497536945813,0.2911111111111111,0.1921182266009852,0.08666666666666667
3,3648,8,6,0,0,0.12957854406130265,0.11625068418171874,-2.7755575615628914e-17,-2.14198853804824e-14,0.6295785440613026,0.6162506841817187,0.5692008757525999,0.0,0.0,0.16953475643130816,0.1190311986863711,0.15358511220580184,0.11930852034300311,0.0,0.43842364532019706,0.2688888888888889,0.7980295566502463,0.6444444444444445
4,696,9,6,0,0,0.1343295019157088,0.119688013136289,-5.551115123125783e-17,-4.132461629024043e-14,0.6343295019157088,0.619688013136289,0.5760043787629994,0.0,0.0,0.1791351943076081,0.12414401264975977,0.15802955665024632,0.12264185367633645,0.0,0.6502463054187192,0.4711111111111111,0.7980295566502463,0.64
