depth,total_points,original_hull_points,new_hull_points,remaining_points,subgroups_removed,original_hull_area,new_hull_area,hull_area_reduction,area_reduction_percentage,original_auc,new_auc,all_points_auc,auc_reduction,auc_reduction_percentage,original_max_quality,original_avg_quality,new_max_quality,new_avg_quality,quality_reduction,original_best_tpr,original_best_fpr,new_best_tpr,new_best_fpr
1,31,5,0,0,0,0.058440065681444976,0.0,0.0,0.0,0.5584400656814449,0.0,0.0,0.0,0.0,0.0,0.0,0.0,0.0,0.0,0.0,0.0,0.0,0.0
2,1039,5,1,0,0,0.11972085385878492,0.033721948549534767,-1.3877787807814457e-17,-1.1591788197721853e-14,0.619720853858785,0.5337219485495348,0.5548440065681443,0.0,0.0,0.1572304324028462,0.0966984126984127,0.0674438970990695,0.0674438970990695,0.0,0.22167487684729065,0.06444444444444444,0.9852216748768473,0.9177777777777778
3,319,6,1,0,0,0.1310673234811166,0.03705528188286812,0.0,0.0,0.6310673234811166,0.5370552818828681,0.5673399014778323,0.0,0.0,0.1594526546250684,0.10862433862433862,0.07411056376573621,0.07411056376573621,0.0,0.22167487684729065,0.06222222222222222,0.9852216748768473,0.9111111111111111
4,437,6,4,0,0,0.13309797482211277,0.11837985769020247,0.0,0.0,0.6330979748221127,0.6183798576902024,0.5700821018062395,0.0,0.0,0.16167487684729065,0.11084656084656086,0.1482539682539682,0.11783251231527092,0.0,0.22167487684729065,0.06,0.8571428571428571,0.7088888888888889
