depth,total_points,original_hull_points,new_hull_points,remaining_points,subgroups_removed,original_hull_area,new_hull_area,hull_area_reduction,area_reduction_percentage,original_auc,new_auc,all_points_auc,auc_reduction,auc_reduction_percentage,original_max_quality,original_avg_quality,new_max_quality,new_avg_quality,quality_reduction,original_best_tpr,original_best_fpr,new_best_tpr,new_best_fpr
2,6222,3,1,0,0,0.28396825396825387,0.27095238095238094,-5.551115123125783e-17,-1.9548365162488787e-14,0.783968253968254,0.7709523809523811,0.6380776014109347,0.0,0.0,0.5419047619047619,0.32380952380952377,0.5419047619047619,0.5419047619047619,0.0,0.5952380952380952,0.05333333333333334,0.5952380952380952,0.05333333333333334
3,10110,3,1,0,0,0.2839682539682539,0.27095238095238094,0.0,0.0,0.783968253968254,0.7709523809523811,0.7795238095238096,0.0,0.0,0.5419047619047619,0.32380952380952377,0.5419047619047619,0.5419047619047619,0.0,0.5952380952380952,0.05333333333333334,0.5952380952380952,0.05333333333333334
4,13993,3,1,0,0,0.2839682539682539,0.27095238095238094,0.0,0.0,0.783968253968254,0.7709523809523811,0.7344797178130511,0.0,0.0,0.5419047619047619,0.32380952380952377,0.5419047619047619,0.5419047619047619,0.0,0.5952380952380952,0.05333333333333334,0.5952380952380952,0.05333333333333334
