rank,conditions,coverage,coverage_ratio,tpr,fpr,precision,roc_quality,keep_reason
1,A9 == t AND A3 >= 0.0 AND A15 != 5.0 AND A8 >= 0.0,346,0.5298621745788668,0.9391891891891891,0.19047619047619047,0.8034682080924855,0.7487129987129987,ROC_HULL
2,A9 == t AND A15 != 5.0 AND A6 != ff AND A13 != s,315,0.48238897396630936,0.8851351351351351,0.1484593837535014,0.8317460317460318,0.7366757513816337,ROC_HULL
3,A9 == t AND A15 != 5.0 AND A11 != 0.0 AND A3 != 1.04,216,0.33078101071975496,0.6756756756756757,0.04481792717086835,0.9259259259259259,0.6308577485048074,ROC_HULL
4,A9 == t AND A15 != 5.0 AND A10 != f AND A11 != 3.0,195,0.2986217457886677,0.6182432432432432,0.03361344537815126,0.9384615384615385,0.584629797865092,ROC_HULL
5,A9 == t AND A15 >= 400.0 AND A8 != 1.0 AND A3 != 0.0,122,0.18683001531393567,0.40540540540540543,0.0056022408963585435,0.9836065573770492,0.3998031645090469,ROC_HULL
