depth,total_points,original_hull_points,new_hull_points,remaining_points,subgroups_removed,original_hull_area,new_hull_area,hull_area_reduction,area_reduction_percentage,original_auc,new_auc,all_points_auc,auc_reduction,auc_reduction_percentage,original_max_quality,original_avg_quality,new_max_quality,new_avg_quality,quality_reduction,original_best_tpr,original_best_fpr,new_best_tpr,new_best_fpr
1,49,5,0,0,0,0.29372081537356326,0.0,0.0,0.0,0.0,0.0,0.0,0.0,0.0,0.0,0.0,0.0,0.0,0.0,0.0,0.0,0.0,0.0
2,537,8,0,0,0,0.3141304103807471,0.0,0.0,0.0,0.0,0.0,0.0,0.0,0.0,0.0,0.0,0.0,0.0,0.0,0.0,0.0,0.0,0.0
3,397,8,1,0,0,0.29020182291666663,0.2588002873563219,0.03140153556034475,10.820585220569724,0.7902018229166667,0.7588002873563218,0.6156553071120691,0.03140153556034497,3.9738627081927804,0.5176005747126438,0.23165858477011494,0.5176005747126438,0.5176005747126438,0.0,0.8405172413793104,0.3229166666666667,0.8405172413793104,0.3229166666666667
4,340,5,1,0,0,0.31210993624281613,0.2712598778735632,0.04085005836925293,13.0883556162955,0.8121099362428161,0.7712598778735632,0.7586992636494252,0.04085005836925293,5.030114341199121,0.5425197557471264,0.38340517241379307,0.5425197557471264,0.5425197557471264,0.0,0.8146551724137931,0.2721354166666667,0.8146551724137931,0.2721354166666667
