fpr,tpr,quality,coverage
0.05333333333333334,0.5952380952380952,0.5419047619047619,87
0.05333333333333334,0.5396825396825397,0.4863492063492063,80
0.16444444444444445,0.6031746031746031,0.4387301587301587,113
0.03111111111111111,0.46825396825396826,0.43714285714285717,66
0.1111111111111111,0.5238095238095238,0.41269841269841273,91
0.0,0.4126984126984127,0.4126984126984127,52
0.9822222222222222,1.0,0.01777777777777778,347
