depth,total_points,original_hull_points,new_hull_points,remaining_points,subgroups_removed,original_hull_area,new_hull_area,hull_area_reduction,area_reduction_percentage,original_auc,new_auc,all_points_auc,auc_reduction,auc_reduction_percentage,original_max_quality,original_avg_quality,new_max_quality,new_avg_quality,quality_reduction,original_best_tpr,original_best_fpr,new_best_tpr,new_best_fpr
1,43,3,2,40,3,0.3903304565069271,0.3702399878870467,-1.1102230246251565e-16,-2.8443156461849235e-14,0.8903304565069271,0.8702399878870466,0.6597632296161708,0.0,0.0,0.7403096373684609,0.4030017412370353,0.7403096373684609,0.3715553789083201,0.0,0.9391891891891891,0.19887955182072828,0.9391891891891891,0.19887955182072828
2,685,4,4,681,4,0.4211900976606859,0.4211049284578697,0.0,0.0,0.9211900976606858,0.9211049284578695,0.6679962525550762,0.0,0.0,0.7487129987129987,0.4530007949125596,0.7487129987129987,0.4523005148005148,0.0,0.9391891891891891,0.19047619047619047,0.9391891891891891,0.19047619047619047
3,629,7,7,622,7,0.42587440381558034,0.4254864107805284,0.0,0.0,0.9258744038155803,0.9254864107805284,0.6786092815504581,0.0,0.0,0.7487129987129987,0.510301417864443,0.7487129987129987,0.4586212863523788,0.0,0.9391891891891891,0.19047619047619047,0.9391891891891891,0.19047619047619047
4,454,9,8,445,9,0.4274169127110303,0.42668351124233483,0.0,0.0,0.9274169127110303,0.9266835112423347,0.68595749110455,0.0,0.0,0.7487129987129987,0.5013385233973469,0.7487129987129987,0.4613532913165266,0.0,0.9391891891891891,0.19047619047619047,0.9391891891891891,0.19047619047619047
