fpr,tpr,quality,coverage
0.07860262008733625,0.950207468879668,0.8716048487923318,265
0.1462882096069869,0.970954356846473,0.8246661472394861,301
0.06768558951965066,0.8921161825726142,0.8244305930529635,246
0.13537117903930132,0.9128630705394191,0.7774918915001178,282
0.22489082969432314,0.991701244813278,0.7668104151189549,342
0.05458515283842795,0.8174273858921162,0.7628422330536883,222
0.019650655021834062,0.7385892116182573,0.7189385565964233,187
0.0,0.4066390041493776,0.4066390041493776,98
0.9978165938864629,1.0,0.0021834061135370675,698
