rank,conditions,coverage,coverage_ratio,tpr,fpr,precision,roc_quality,keep_reason
1,Uniformity_of_cell_size != 1.0 AND Bland_chromatin >= 3.0,265,0.3791130185979971,0.950207468879668,0.07860262008733625,0.8641509433962264,0.8716048487923318,ROC_HULL
2,Uniformity_of_cell_size != 1.0 AND Clump_thickness != 1,301,0.43061516452074394,0.970954356846473,0.1462882096069869,0.7774086378737541,0.8246661472394861,HIGH_QUALITY
3,Uniformity_of_cell_size != 1.0 AND Single_epithelial_cell_size != 2.0,246,0.351931330472103,0.8921161825726142,0.06768558951965066,0.8739837398373984,0.8244305930529635,HIGH_QUALITY
4,Uniformity_of_cell_shape != 1.0 AND Clump_thickness >= 4.0,282,0.4034334763948498,0.9128630705394191,0.13537117903930132,0.7801418439716312,0.7774918915001178,HIGH_QUALITY
5,Uniformity_of_cell_shape != 1.0 AND Single_epithelial_cell_size != 1,342,0.4892703862660944,0.991701244813278,0.22489082969432314,0.6988304093567251,0.7668104151189549,ROC_HULL
6,Bare_nuclei != 1 AND Marginal_adhesion != 1.0,222,0.31759656652360513,0.8174273858921162,0.05458515283842795,0.8873873873873874,0.7628422330536883,HIGH_QUALITY
7,Uniformity_of_cell_shape >= 5.0,187,0.2675250357653791,0.7385892116182573,0.019650655021834062,0.9518716577540107,0.7189385565964233,HIGH_QUALITY
8,Uniformity_of_cell_shape >= 5.0 AND Bare_nuclei == 10,98,0.1402002861230329,0.4066390041493776,0.0,1.0,0.4066390041493776,ROC_HULL
9,Sample_code_number != 61634,698,0.9985693848354793,1.0,0.9978165938864629,0.3452722063037249,0.0021834061135370675,ROC_HULL
