depth,total_points,original_hull_points,new_hull_points,remaining_points,subgroups_removed,original_hull_area,new_hull_area,hull_area_reduction,area_reduction_percentage,original_auc,new_auc,all_points_auc,auc_reduction,auc_reduction_percentage,original_max_quality,original_avg_quality,new_max_quality,new_avg_quality,quality_reduction,original_best_tpr,original_best_fpr,new_best_tpr,new_best_fpr
2,1028,9,5,0,0,0.4821044894266652,0.4778402879867314,0.0,0.0,0.9821044894266652,0.9778402879867315,0.8811395077085454,0.0,0.0,0.8777187229070074,0.6779143159896297,0.8732142184025029,0.8161257491801426,0.0,0.9497907949790795,0.07207207207207207,0.9497907949790795,0.07657657657657657
3,339,8,7,0,0,0.483023295261789,0.4810820234460401,0.0,0.0,0.983023295261789,0.9810820234460402,0.895331523992612,0.0,0.0,0.891232236420521,0.6530188661464812,0.8799709751592597,0.7644774182431087,0.0,0.9497907949790795,0.05855855855855856,0.9497907949790795,0.06981981981981981
4,362,9,8,0,0,0.48402691394323194,0.48174167891741104,0.0,0.0,0.9840269139432319,0.9817416789174112,0.889111915262543,0.0,0.0,0.891232236420521,0.6800241664258401,0.8831844396697953,0.781125136642919,0.0,0.9497907949790795,0.05855855855855856,0.9372384937238494,0.05405405405405406
