depth,total_points,original_hull_points,new_hull_points,remaining_points,subgroups_removed,original_hull_area,new_hull_area,hull_area_reduction,area_reduction_percentage,original_auc,new_auc,all_points_auc,auc_reduction,auc_reduction_percentage,original_max_quality,original_avg_quality,new_max_quality,new_avg_quality,quality_reduction,original_best_tpr,original_best_fpr,new_best_tpr,new_best_fpr
1,26,6,1,0,0,0.4309906140450073,0.1468770025255381,-5.551115123125783e-17,-1.2879897942617592e-14,0.9309906140450075,0.6468770025255381,0.7670379584605527,0.0,0.0,0.6874929322628067,0.5138967419302148,0.2937540050510762,0.2937540050510762,0.0,0.7280334728033473,0.04054054054054054,0.9874476987447699,0.6936936936936937
2,1430,9,5,0,0,0.48189716913566283,0.47627125032982776,0.0,0.0,0.9818971691356628,0.9762712503298278,0.8239992084134342,0.0,0.0,0.8732142184025029,0.6822418652962585,0.8703211579780618,0.8040295525651174,0.0,0.9497907949790795,0.07657657657657657,0.9581589958158996,0.08783783783783784
3,357,9,8,0,0,0.4830185834369935,0.4809265332277884,0.0,0.0,0.9830185834369934,0.9809265332277886,0.8995533190093858,0.0,0.0,0.8889799841682686,0.679379169964944,0.8777187229070074,0.7834197953183308,0.0,0.9497907949790795,0.060810810810810814,0.9497907949790795,0.07207207207207207
4,364,9,7,0,0,0.48408345584077805,0.4808275849070828,0.0,0.0,0.9840834558407779,0.9808275849070829,0.9035206754872026,0.0,0.0,0.891232236420521,0.6856029669837201,0.8889799841682686,0.7881563571940141,0.0,0.9497907949790795,0.05855855855855856,0.9497907949790795,0.060810810810810814
