rank,conditions,coverage,coverage_ratio,tpr,fpr,precision,roc_quality,keep_reason
1,Bland_chromatin <= 3.0 AND Uniformity_of_cell_size <= 5.0 AND Bare_nuclei != 10 AND Marginal_adhesion != 4.0,427,0.6251830161054173,0.9391891891891891,0.04184100418410042,0.9765807962529274,0.8973481850050887,ROC_HULL
2,Uniformity_of_cell_size <= 5.0 AND Bare_nuclei != 10 AND Uniformity_of_cell_shape <= 5.0 AND Normal_nucleoli != 10,463,0.677891654465593,0.9819819819819819,0.11297071129707113,0.9416846652267818,0.8690112706849108,ROC_HULL
3,Bare_nuclei == 1 AND Uniformity_of_cell_size <= 5.0 AND Marginal_adhesion != 10 AND Uniformity_of_cell_shape <= 5.0,386,0.5651537335285505,0.8671171171171171,0.0041841004184100415,0.9974093264248705,0.8629330166987071,ROC_HULL
4,Uniformity_of_cell_size != 10 AND Normal_nucleoli != 10 AND Bare_nuclei != 10 AND Mitoses != 10,498,0.7291361639824304,0.9932432432432432,0.2384937238493724,0.8855421686746988,0.7547495193938708,ROC_HULL
5,Uniformity_of_cell_size != 10 AND Normal_nucleoli != 10 AND Bare_nuclei != 9 AND Uniformity_of_cell_shape != 10,575,0.8418740849194729,1.0,0.5481171548117155,0.7721739130434783,0.4518828451882845,ROC_HULL
