depth,total_points,original_hull_points,new_hull_points,remaining_points,subgroups_removed,original_hull_area,new_hull_area,hull_area_reduction,area_reduction_percentage,original_auc,new_auc,all_points_auc,auc_reduction,auc_reduction_percentage,original_max_quality,original_avg_quality,new_max_quality,new_avg_quality,quality_reduction,original_best_tpr,original_best_fpr,new_best_tpr,new_best_fpr
1,43,3,2,40,3,0.3903304565069271,0.3702399878870467,-1.1102230246251565e-16,-2.8443156461849235e-14,0.8903304565069271,0.8702399878870466,0.6597632296161708,0.0,0.0,0.7403096373684609,0.4030017412370353,0.7403096373684609,0.3715553789083201,0.0,0.9391891891891891,0.19887955182072828,0.9391891891891891,0.19887955182072828
2,742,4,4,738,4,0.4211900976606859,0.4211900976606859,0.0,0.0,0.9211900976606858,0.9211900976606858,0.6666382769323949,0.0,0.0,0.7487129987129987,0.4530007949125596,0.7487129987129987,0.4530007949125596,0.0,0.9391891891891891,0.19047619047619047,0.9391891891891891,0.19047619047619047
3,1446,7,7,1439,7,0.42587440381558034,0.42587440381558034,0.0,0.0,0.9258744038155803,0.9258744038155803,0.6773743281096223,0.0,0.0,0.7487129987129987,0.510301417864443,0.7487129987129987,0.510301417864443,0.0,0.9391891891891891,0.19047619047619047,0.9391891891891891,0.19047619047619047
4,5852,10,10,5842,10,0.42843421152244676,0.42843421152244676,0.0,0.0,0.9284342115224468,0.9284342115224468,0.6811832841244606,0.0,0.0,0.7487129987129987,0.5093212960860021,0.7487129987129987,0.509321296086002,0.0,0.9391891891891891,0.19047619047619047,0.9391891891891891,0.19047619047619047
