depth,total_points,original_hull_points,new_hull_points,remaining_points,subgroups_removed,original_hull_area,new_hull_area,hull_area_reduction,area_reduction_percentage,original_auc,new_auc,all_points_auc,auc_reduction,auc_reduction_percentage,original_max_quality,original_avg_quality,new_max_quality,new_avg_quality,quality_reduction,original_best_tpr,original_best_fpr,new_best_tpr,new_best_fpr
1,45,4,5,41,4,0.10146141215106733,0.07166392993979201,6.938893903907228e-17,6.838948676937211e-14,0.6014614121510672,0.5716639299397919,0.559792008757526,0.0,0.0,0.155008210180624,0.0738533114395183,0.08894362342638207,0.05984017515051997,0.0,0.22167487684729065,0.06666666666666667,0.47783251231527096,0.3888888888888889
2,975,5,5,970,5,0.11972085385878492,0.11972085385878492,-1.3877787807814457e-17,-1.1591788197721853e-14,0.619720853858785,0.619720853858785,0.5555008210180625,0.0,0.0,0.1572304324028462,0.0966984126984127,0.1572304324028462,0.0966984126984127,0.0,0.22167487684729065,0.06444444444444444,0.22167487684729065,0.06444444444444444
3,531,6,6,525,6,0.1310673234811166,0.1310673234811166,0.0,0.0,0.6310673234811166,0.6310673234811166,0.5679693486590036,0.0,0.0,0.1594526546250684,0.10862433862433862,0.1594526546250684,0.10862433862433862,0.0,0.22167487684729065,0.06222222222222222,0.22167487684729065,0.06222222222222222
4,1058,6,6,1052,6,0.13309797482211277,0.13309797482211277,0.0,0.0,0.6330979748221127,0.6330979748221127,0.5676135741652981,0.0,0.0,0.16167487684729065,0.11084656084656086,0.16167487684729065,0.11084656084656086,0.0,0.22167487684729065,0.06,0.22167487684729065,0.06
