fpr,tpr,quality,coverage
0.013761467889908258,0.9424860853432282,0.9287246174533199,2080
0.06422018348623854,0.9591836734693877,0.8949634899831491,2292
