depth,total_points,original_hull_points,new_hull_points,remaining_points,subgroups_removed,original_hull_area,new_hull_area,hull_area_reduction,area_reduction_percentage,original_auc,new_auc,all_points_auc,auc_reduction,auc_reduction_percentage,original_max_quality,original_avg_quality,new_max_quality,new_avg_quality,quality_reduction,original_best_tpr,original_best_fpr,new_best_tpr,new_best_fpr
1,3204,5,5,3199,5,0.4768003948868955,0.4697707273067692,-5.551115123125783e-17,-1.1642429793797872e-14,0.9768003948868955,0.9697707273067693,0.7157984544943917,0.0,0.0,0.8599172780037787,0.6311671290701436,0.8404452690166976,0.5908001565930793,0.0,0.9424860853432282,0.08256880733944955,0.8404452690166976,0.0
2,10121,5,5,10116,5,0.48006842436724484,0.47996629844598393,0.0,0.0,0.9800684243672447,0.9799662984459838,0.8651235723647257,0.0,0.0,0.9149631495634116,0.6421763033820701,0.9149631495634116,0.6311671290701435,0.0,0.9424860853432282,0.027522935779816515,0.9424860853432282,0.027522935779816515
3,12709,5,5,12704,5,0.4808599002570169,0.480757774335756,5.551115123125783e-17,1.154414231704233e-14,0.9808599002570169,0.980757774335756,0.9720600500417014,0.0,0.0,0.9149631495634116,0.6536790863134245,0.9149631495634116,0.6426699120014978,0.0,0.9424860853432282,0.027522935779816515,0.9424860853432282,0.027522935779816515
4,10165,5,5,10160,5,0.4808599002570169,0.480757774335756,5.551115123125783e-17,1.154414231704233e-14,0.9808599002570169,0.980757774335756,0.9713026161256829,0.0,0.0,0.9149631495634116,0.6536790863134245,0.9149631495634116,0.6426699120014978,0.0,0.9424860853432282,0.027522935779816515,0.9424860853432282,0.027522935779816515
