depth,total_points,original_hull_points,new_hull_points,remaining_points,subgroups_removed,original_hull_area,new_hull_area,hull_area_reduction,area_reduction_percentage,original_auc,new_auc,all_points_auc,auc_reduction,auc_reduction_percentage,original_max_quality,original_avg_quality,new_max_quality,new_avg_quality,quality_reduction,original_best_tpr,original_best_fpr,new_best_tpr,new_best_fpr
1,37,7,4,0,0,0.4702448264163746,0.43976874363903645,0.0,0.0,0.9702448264163746,0.9397687436390365,0.8387472200233707,0.0,0.0,0.8143446794074409,0.5865346817229663,0.808860115345471,0.6058252289946852,0.0,0.9832635983263598,0.16891891891891891,0.9372384937238494,0.12837837837837837
2,687,7,1,0,0,0.4551245806475931,0.1401673640167364,0.0,0.0,0.9551245806475932,0.6401673640167365,0.9198047419804742,0.0,0.0,0.872563986580723,0.6725483702471149,0.2803347280334728,0.2803347280334728,0.0,0.9288702928870293,0.05630630630630631,0.2803347280334728,0.0
3,2038,1,1,0,0,0.1401673640167364,0.1401673640167364,0.0,0.0,0.6401673640167365,0.6401673640167365,0.6401673640167365,0.0,0.0,0.2803347280334728,0.2803347280334728,0.2803347280334728,0.2803347280334728,0.0,0.2803347280334728,0.0,0.2803347280334728,0.0
4,39104,1,1,0,0,0.1401673640167364,0.1401673640167364,0.0,0.0,0.6401673640167365,0.6401673640167365,0.6255230125523012,0.0,0.0,0.2803347280334728,0.2803347280334728,0.2803347280334728,0.2803347280334728,0.0,0.2803347280334728,0.0,0.2803347280334728,0.0
