depth,total_points,original_hull_points,new_hull_points,remaining_points,subgroups_removed,original_hull_area,new_hull_area,hull_area_reduction,area_reduction_percentage,original_auc,new_auc,all_points_auc,auc_reduction,auc_reduction_percentage,original_max_quality,original_avg_quality,new_max_quality,new_avg_quality,quality_reduction,original_best_tpr,original_best_fpr,new_best_tpr,new_best_fpr
1,86,2,0,0,0,0.16793650793650794,0.0,0.0,0.0,0.6679365079365079,0.0,0.0,0.0,0.0,0.0,0.0,0.0,0.0,0.0,0.0,0.0,0.0,0.0
2,5417,4,3,0,0,0.39435626102292765,0.3455908289241622,-5.551115123125783e-17,-1.4076396577872625e-14,0.8943562610229276,0.8455908289241623,0.7429100529100532,0.0,0.0,0.6882539682539682,0.4692063492063492,0.6644444444444444,0.560952380952381,0.0,0.9422222222222222,0.25396825396825395,0.9422222222222222,0.2777777777777778
3,1304,6,3,0,0,0.42684303350970015,0.38746031746031745,0.0,0.0,0.9268430335097002,0.8874603174603175,0.8009876543209878,0.0,0.0,0.7596825396825396,0.5598412698412699,0.7438095238095238,0.6456084656084656,0.0,0.9422222222222222,0.18253968253968253,0.9422222222222222,0.1984126984126984
4,1266,6,5,0,0,0.44814814814814813,0.4202469135802469,0.0,0.0,0.9481481481481481,0.9202469135802468,0.8535097001763667,0.0,0.0,0.7984126984126985,0.6257671957671956,0.7904761904761906,0.7266031746031746,0.0,0.9333333333333333,0.1349206349206349,0.9333333333333333,0.14285714285714285
