depth,total_points,original_hull_points,new_hull_points,remaining_points,subgroups_removed,original_hull_area,new_hull_area,hull_area_reduction,area_reduction_percentage,original_auc,new_auc,all_points_auc,auc_reduction,auc_reduction_percentage,original_max_quality,original_avg_quality,new_max_quality,new_avg_quality,quality_reduction,original_best_tpr,original_best_fpr,new_best_tpr,new_best_fpr
1,55,3,0,0,0,0.15592592592592588,0.0,0.0,0.0,0.655925925925926,0.0,0.0,0.0,0.0,0.0,0.0,0.0,0.0,0.0,0.0,0.0,0.0,0.0
2,4833,3,1,0,0,0.28396825396825387,0.26873015873015876,-5.551115123125783e-17,-1.9548365162488787e-14,0.783968253968254,0.7687301587301587,0.6355555555555555,0.0,0.0,0.5419047619047619,0.32380952380952377,0.5374603174603174,0.5374603174603174,0.0,0.5952380952380952,0.05333333333333334,0.5952380952380952,0.057777777777777775
3,424,3,0,0,0,0.2848677248677248,0.0,0.0,0.0,0.7848677248677248,0.0,0.0,0.0,0.0,0.0,0.0,0.0,0.0,0.0,0.0,0.0,0.0,0.0
4,412,3,0,0,0,0.2857671957671958,0.0,0.0,0.0,0.7857671957671958,0.0,0.0,0.0,0.0,0.0,0.0,0.0,0.0,0.0,0.0,0.0,0.0,0.0
