fpr,tpr,quality,coverage
0.1349206349206349,0.9333333333333333,0.7984126984126985,227
0.3253968253968254,0.9911111111111112,0.6657142857142857,264
0.023809523809523808,0.5244444444444445,0.5006349206349207,121
0.0,0.36,0.36,81
