fpr,tpr,quality,coverage
0.05333333333333334,0.5952380952380952,0.5419047619047619,87
0.0,0.42063492063492064,0.42063492063492064,53
0.9777777777777777,1.0,0.022222222222222254,346
