rank,conditions,coverage,coverage_ratio,tpr,fpr,precision,roc_quality,keep_reason
1,Attribute33 != 0.0 AND Attribute24 != -1.0 AND Attribute6 != -1.0 AND Attribute5 >= 0.41266,227,0.6467236467236467,0.9333333333333333,0.1349206349206349,0.9251101321585903,0.7984126984126985,ROC_HULL
2,Attribute33 != 0.0 AND Attribute24 != -1.0 AND Attribute6 != -1.0 AND Attribute4 != -1.0,264,0.7521367521367521,0.9911111111111112,0.3253968253968254,0.8446969696969697,0.6657142857142857,HIGH_QUALITY
3,Attribute5 >= 0.41266 AND Attribute1 != 0 AND Attribute8 != -1.0 AND Attribute10 >= 0.01829,121,0.34472934472934474,0.5244444444444445,0.023809523809523808,0.9752066115702479,0.5006349206349207,ROC_HULL
4,Attribute5 >= 0.41266 AND Attribute27 <= 0.70824 AND Attribute4 >= 0.01631 AND Attribute10 != -1.0,81,0.23076923076923078,0.36,0.0,1.0,0.36,ROC_HULL
