depth,total_points,original_hull_points,new_hull_points,remaining_points,subgroups_removed,original_hull_area,new_hull_area,hull_area_reduction,area_reduction_percentage,original_auc,new_auc,all_points_auc,auc_reduction,auc_reduction_percentage,original_max_quality,original_avg_quality,new_max_quality,new_avg_quality,quality_reduction,original_best_tpr,original_best_fpr,new_best_tpr,new_best_fpr
1,36,5,4,0,0,0.17012864621323123,0.14261462293685165,0.0,0.0,0.6701286462132313,0.6426146229368518,0.6007836252025227,0.0,0.0,0.2223262178787898,0.15742991589261623,0.1869275308060237,0.116882152839189,0.0,0.4434389140271493,0.2211126961483595,0.3167420814479638,0.12981455064194009
2,1818,9,7,0,0,0.33700402140445773,0.33686846844520746,5.551115123125783e-17,1.647195514163783e-14,0.8370040214044577,0.8368684684452076,0.670835458072179,0.0,0.0,0.5544051484304904,0.3371947996434025,0.5544051484304904,0.33820371120027076,0.0,0.832579185520362,0.2781740370898716,0.832579185520362,0.2781740370898716
