depth,total_points,original_hull_points,new_hull_points,remaining_points,subgroups_removed,original_hull_area,new_hull_area,hull_area_reduction,area_reduction_percentage,original_auc,new_auc,all_points_auc,auc_reduction,auc_reduction_percentage,original_max_quality,original_avg_quality,new_max_quality,new_avg_quality,quality_reduction,original_best_tpr,original_best_fpr,new_best_tpr,new_best_fpr
1,42,4,3,0,0,0.1539268401314218,0.04524886877828055,-2.7755575615628914e-17,-1.8031667246551265e-14,0.6539268401314217,0.5452488687782806,0.5794921282460096,0.0,0.0,0.1869275308060237,0.11370149947392541,0.0629482123146636,0.03706835526924478,0.0,0.3167420814479638,0.12981455064194009,0.1085972850678733,0.0456490727532097
2,1791,9,8,0,0,0.33970862568664034,0.3392632373919611,0.0,0.0,0.8397086256866402,0.8392632373919611,0.6924755197810489,0.0,0.0,0.5544051484304904,0.32524318846379763,0.5544051484304904,0.3202858230969333,0.0,0.832579185520362,0.2781740370898716,0.832579185520362,0.2781740370898716
3,810,12,7,0,0,0.35579747096907466,0.35003647020094114,1.1102230246251565e-16,3.120379191007952e-14,0.8557974709690747,0.8500364702009411,0.7417554753713186,0.0,0.0,0.5745767197474843,0.3593584256922345,0.5745767197474843,0.4382122869997335,0.0,0.8099547511312217,0.23537803138373753,0.8099547511312217,0.23537803138373753
4,1003,12,7,0,0,0.3615132874174579,0.3570658593734871,-1.6653345369377348e-16,-4.606565221528601e-14,0.8615132874174579,0.857065859373487,0.7366431923367399,0.0,0.0,0.5824000619670671,0.39646604828697635,0.5824000619670671,0.44231483880724465,0.0,0.7963800904977375,0.21398002853067047,0.7963800904977375,0.21398002853067047
