depth,total_points,original_hull_points,new_hull_points,remaining_points,subgroups_removed,original_hull_area,new_hull_area,hull_area_reduction,area_reduction_percentage,original_auc,new_auc,all_points_auc,auc_reduction,auc_reduction_percentage,original_max_quality,original_avg_quality,new_max_quality,new_avg_quality,quality_reduction,original_best_tpr,original_best_fpr,new_best_tpr,new_best_fpr
2,1880,9,5,0,0,0.33700402140445773,0.313937426172049,5.551115123125783e-17,1.647195514163783e-14,0.8370040214044577,0.813937426172049,0.6930951904519075,0.0,0.0,0.5544051484304904,0.3371947996434025,0.5544051484304904,0.3392619464113968,0.0,0.832579185520362,0.2781740370898716,0.832579185520362,0.2781740370898716
3,2748,13,6,0,0,0.35284758037967734,0.3278025574324978,0.0,0.0,0.8528475803796776,0.827802557432498,0.7191504056906424,0.0,0.0,0.5745767197474843,0.3874495834849822,0.5745767197474843,0.37361407857338036,0.0,0.8099547511312217,0.23537803138373753,0.8099547511312217,0.23537803138373753
4,5964,13,3,0,0,0.35717236527004076,0.32267736459227603,0.0,0.0,0.8571723652700409,0.8226773645922761,0.7359363804777916,0.0,0.0,0.5802828538416354,0.3751286635918158,0.557258215477566,0.4883047919046913,0.0,0.8099547511312217,0.2296718972895863,0.832579185520362,0.275320970042796
