depth,total_points,original_hull_points,new_hull_points,remaining_points,subgroups_removed,original_hull_area,new_hull_area,hull_area_reduction,area_reduction_percentage,original_auc,new_auc,all_points_auc,auc_reduction,auc_reduction_percentage,original_max_quality,original_avg_quality,new_max_quality,new_avg_quality,quality_reduction,original_best_tpr,original_best_fpr,new_best_tpr,new_best_fpr
2,2169,9,1,0,0,0.1233716475095785,0.08067870826491513,-6.938893903907228e-17,-5.624382946955861e-14,0.6233716475095785,0.5806787082649151,0.5669458128078819,0.0,0.0,0.16135741652983032,0.11270327799063429,0.16135741652983032,0.16135741652983032,0.0,0.6502463054187192,0.4888888888888889,0.6502463054187192,0.4888888888888889
3,2742,11,1,0,0,0.13212370005473453,0.0862342638204707,2.7755575615628914e-17,2.1007264861739934e-14,0.6321237000547345,0.5862342638204707,0.5744608648056923,0.0,0.0,0.1724685276409414,0.12151664427526496,0.1724685276409414,0.1724685276409414,0.0,0.6502463054187192,0.4777777777777778,0.6502463054187192,0.4777777777777778
4,5287,11,1,0,0,0.1364203612479474,0.08956759715380404,-2.7755575615628914e-17,-2.0345625360999053e-14,0.6364203612479474,0.5895675971538041,0.5767214012041597,0.0,0.0,0.1791351943076081,0.12535502811364882,0.1791351943076081,0.1791351943076081,0.0,0.6502463054187192,0.4711111111111111,0.6502463054187192,0.4711111111111111
