depth,total_points,original_hull_points,new_hull_points,remaining_points,subgroups_removed,original_hull_area,new_hull_area,hull_area_reduction,area_reduction_percentage,original_auc,new_auc,all_points_auc,auc_reduction,auc_reduction_percentage,original_max_quality,original_avg_quality,new_max_quality,new_avg_quality,quality_reduction,original_best_tpr,original_best_fpr,new_best_tpr,new_best_fpr
1,31,5,5,0,0,0.058440065681444976,0.04916803503010399,-3.469446951953614e-17,-5.936760870299948e-14,0.5584400656814449,0.5491680350301039,0.5435960591133004,0.0,0.0,0.06783798576902023,0.050055829228243,0.058992884510125854,0.05251669403393537,0.0,0.625615763546798,0.5577777777777778,0.8078817733990148,0.7488888888888889
2,1317,5,1,0,0,0.11972085385878492,0.0786152162014231,-1.3877787807814457e-17,-1.1591788197721853e-14,0.619720853858785,0.5786152162014231,0.5561631089217294,0.0,0.0,0.1572304324028462,0.0966984126984127,0.1572304324028462,0.1572304324028462,0.0,0.22167487684729065,0.06444444444444444,0.22167487684729065,0.06444444444444444
3,890,6,1,0,0,0.1310673234811166,0.07972632731253423,0.0,0.0,0.6310673234811166,0.5797263273125343,0.5682320744389708,0.0,0.0,0.1594526546250684,0.10862433862433862,0.1594526546250684,0.1594526546250684,0.0,0.22167487684729065,0.06222222222222222,0.22167487684729065,0.06222222222222222
4,237,5,1,0,0,0.13285166940339357,0.0797263273125342,0.0,0.0,0.6328516694033935,0.5797263273125343,0.57367816091954,0.0,0.0,0.16167487684729065,0.10742200328407225,0.1594526546250684,0.1594526546250684,0.0,0.22167487684729065,0.06,0.22167487684729065,0.06222222222222222
