depth,total_points,original_hull_points,new_hull_points,remaining_points,subgroups_removed,original_hull_area,new_hull_area,hull_area_reduction,area_reduction_percentage,original_auc,new_auc,all_points_auc,auc_reduction,auc_reduction_percentage,original_max_quality,original_avg_quality,new_max_quality,new_avg_quality,quality_reduction,original_best_tpr,original_best_fpr,new_best_tpr,new_best_fpr
1,48,4,2,0,0,0.29471472556980655,0.2487654998354,0.0,0.0,0.7947147255698066,0.7487654998354,0.7014801092169557,0.0,0.0,0.5206589164800124,0.2492980293181686,0.45294053098030607,0.3146700576422822,0.0,0.8416289592760181,0.3209700427960057,0.7239819004524887,0.2710413694721826
2,316,6,2,0,0,0.32662453766758537,0.28161450029369817,-5.551115123125783e-17,-1.6995401395027164e-14,0.8266245376675854,0.7816145002936982,0.6858786090975398,0.0,0.0,0.5275462977904868,0.38808919815045523,0.5220854500035502,0.4133138825594981,0.0,0.8371040723981901,0.3095577746077033,0.8416289592760181,0.3195435092724679
3,5417,5,3,0,0,0.33693301747342197,0.3006951930338689,-5.551115123125783e-17,-1.6475426376293524e-14,0.836933017473422,0.8006951930338688,0.6892738879816164,0.0,0.0,0.5558316819540282,0.38843023218285455,0.5479631554146952,0.4065233247913453,0.0,0.832579185520362,0.2767475035663338,0.8190045248868778,0.2710413694721826
4,120231,10,6,0,0,0.34213566914750104,0.30746638609355736,5.551115123125783e-17,1.6224894460602392e-14,0.842135669147501,0.8074663860935574,0.6830933185300896,0.0,0.0,0.576003253271022,0.43584536634800963,0.5598659962174268,0.44707517594989277,0.0,0.8099547511312217,0.23395149786019973,0.8280542986425339,0.268188302425107
