fpr,tpr,quality,coverage
0.2364217252396166,0.5783132530120482,0.3418915277724316,340
0.41533546325878595,0.7228915662650602,0.3075561030062743,500
0.09744408945686901,0.33433734939759036,0.23689325994072136,172
0.052715654952076675,0.21084337349397592,0.15812771854189925,103
