depth,total_points,original_hull_points,new_hull_points,remaining_points,subgroups_removed,original_hull_area,new_hull_area,hull_area_reduction,area_reduction_percentage,original_auc,new_auc,all_points_auc,auc_reduction,auc_reduction_percentage,original_max_quality,original_avg_quality,new_max_quality,new_avg_quality,quality_reduction,original_best_tpr,original_best_fpr,new_best_tpr,new_best_fpr
1,45,2,2,43,2,0.1884214172985873,0.1884214172985873,0.0,0.0,0.6884214172985873,0.6884214172985873,0.6173953000500405,0.0,0.0,0.3418915277724316,0.3247238153893529,0.3418915277724316,0.3247238153893529,0.0,0.5783132530120482,0.2364217252396166,0.5783132530120482,0.2364217252396166
2,813,4,4,809,4,0.20122743369644708,0.20122743369644708,0.0,0.0,0.7012274336964471,0.7012274336964471,0.6523442010854921,0.0,0.0,0.3418915277724316,0.2611171523153316,0.3418915277724316,0.2611171523153316,0.0,0.5783132530120482,0.2364217252396166,0.5783132530120482,0.2364217252396166
3,478,3,4,475,3,0.2140575079872204,0.20802378844451283,0.0,0.0,0.7140575079872205,0.7080237884445129,0.6664830247507603,0.0,0.0,0.3418915277724316,0.28877170021940796,0.3418915277724316,0.26547644251125907,0.0,0.5783132530120482,0.2364217252396166,0.5783132530120482,0.2364217252396166
4,455,3,3,452,3,0.2140575079872204,0.21405750798722042,0.0,0.0,0.7140575079872205,0.7140575079872205,0.6658719542707572,0.0,0.0,0.3418915277724316,0.28877170021940796,0.3418915277724316,0.28877170021940796,0.0,0.5783132530120482,0.2364217252396166,0.5783132530120482,0.2364217252396166
