depth,total_points,original_hull_points,new_hull_points,remaining_points,subgroups_removed,original_hull_area,new_hull_area,hull_area_reduction,area_reduction_percentage,original_auc,new_auc,all_points_auc,auc_reduction,auc_reduction_percentage,original_max_quality,original_avg_quality,new_max_quality,new_avg_quality,quality_reduction,original_best_tpr,original_best_fpr,new_best_tpr,new_best_fpr
1,37,7,8,30,7,0.4702448264163746,0.4390431226205284,0.0,0.0,0.9702448264163746,0.9390431226205285,0.8364478495231633,0.0,0.0,0.8143446794074409,0.5865346817229663,0.7116834407629387,0.5666793885936146,0.0,0.9832635983263598,0.16891891891891891,0.9121338912133892,0.20045045045045046
2,1102,9,9,1093,9,0.48189716913566283,0.4818029326397527,0.0,0.0,0.9818971691356628,0.9818029326397527,0.8429595913905535,0.0,0.0,0.8732142184025029,0.6822418652962585,0.8732142184025029,0.6729438643664585,0.0,0.9497907949790795,0.07657657657657657,0.9497907949790795,0.07657657657657657
3,3066,11,11,3055,11,0.48406460854159594,0.48406460854159594,0.0,0.0,0.9840646085415959,0.9840646085415959,0.9024605149082138,0.0,0.0,0.8889799841682686,0.7260613599525733,0.8889799841682686,0.7260613599525733,0.0,0.9497907949790795,0.060810810810810814,0.9497907949790795,0.060810810810810814
4,6670,11,11,6659,11,0.48437087715330396,0.48437087715330396,0.0,0.0,0.9843708771533038,0.9843708771533038,0.9159834520713183,0.0,0.0,0.891232236420521,0.7248611296728451,0.891232236420521,0.7248611296728452,0.0,0.9497907949790795,0.05855855855855856,0.9497907949790795,0.05855855855855856
