depth,total_points,original_hull_points,new_hull_points,remaining_points,subgroups_removed,original_hull_area,new_hull_area,hull_area_reduction,area_reduction_percentage,original_auc,new_auc,all_points_auc,auc_reduction,auc_reduction_percentage,original_max_quality,original_avg_quality,new_max_quality,new_avg_quality,quality_reduction,original_best_tpr,original_best_fpr,new_best_tpr,new_best_fpr
1,668,9,10,659,9,0.4818406272381167,0.48158618869915937,0.0,0.0,0.9818406272381167,0.9815861886991594,0.8841974820008293,0.0,0.0,0.8732142184025029,0.6766630647383785,0.872563986580723,0.6672528176712277,0.0,0.9497907949790795,0.07657657657657657,0.9288702928870293,0.05630630630630631
2,3896,11,11,3885,11,0.48393738927211727,0.4838902710241622,0.0,0.0,0.9839373892721173,0.9838902710241623,0.8899553319009387,0.0,0.0,0.8889799841682686,0.7157912952892033,0.8889799841682686,0.7119875676361033,0.0,0.9497907949790795,0.060810810810810814,0.9497907949790795,0.060810810810810814
3,6486,11,11,6475,11,0.4842436578838253,0.4841965396358702,0.0,0.0,0.9842436578838253,0.9841965396358702,0.9255201854574241,0.0,0.0,0.891232236420521,0.7145910650094751,0.891232236420521,0.710787337356375,0.0,0.9497907949790795,0.05855855855855856,0.9497907949790795,0.05855855855855856
4,7218,11,11,7207,11,0.4842436578838253,0.4841965396358702,0.0,0.0,0.9842436578838253,0.9841965396358702,0.9508839383316371,0.0,0.0,0.891232236420521,0.7145910650094751,0.891232236420521,0.7107873373563751,0.0,0.9497907949790795,0.05855855855855856,0.9497907949790795,0.05855855855855856
