depth,total_points,original_hull_points,new_hull_points,remaining_points,subgroups_removed,original_hull_area,new_hull_area,hull_area_reduction,area_reduction_percentage,original_auc,new_auc,all_points_auc,auc_reduction,auc_reduction_percentage,original_max_quality,original_avg_quality,new_max_quality,new_avg_quality,quality_reduction,original_best_tpr,original_best_fpr,new_best_tpr,new_best_fpr
1,56,5,5,51,5,0.2969513493974348,0.26640352179497945,0.0,0.0,0.7969513493974347,0.7664035217949793,0.7045365057029067,0.0,0.0,0.5206589164800124,0.24228477740267618,0.45294053098030607,0.216751763802196,0.0,0.8416289592760181,0.3209700427960057,0.7239819004524887,0.2710413694721826
2,1376,9,8,1367,9,0.33970862568664034,0.3392729197461932,0.0,0.0,0.8397086256866402,0.8392729197461932,0.6957675202199827,0.0,0.0,0.5544051484304904,0.3252431884637977,0.5544051484304904,0.3211467457607426,0.0,0.832579185520362,0.2781740370898716,0.832579185520362,0.2781740370898716
3,1318,12,11,1306,12,0.35579747096907466,0.35579424351766387,1.1102230246251565e-16,3.120379191007952e-14,0.8557974709690747,0.8557942435176639,0.7303496620858377,0.0,0.0,0.5745767197474843,0.3593584256922345,0.5745767197474843,0.3595656671934259,0.0,0.8099547511312217,0.23537803138373753,0.8099547511312217,0.23537803138373753
4,2038,12,12,2026,12,0.3615132874174579,0.3615132874174579,-1.6653345369377348e-16,-4.606565221528601e-14,0.8615132874174579,0.8615132874174579,0.7379212630953843,0.0,0.0,0.5824000619670671,0.39646604828697635,0.5824000619670671,0.39646604828697635,0.0,0.7963800904977375,0.21398002853067047,0.7963800904977375,0.21398002853067047
