depth,total_points,original_hull_points,new_hull_points,remaining_points,subgroups_removed,original_hull_area,new_hull_area,hull_area_reduction,area_reduction_percentage,original_auc,new_auc,all_points_auc,auc_reduction,auc_reduction_percentage,original_max_quality,original_avg_quality,new_max_quality,new_avg_quality,quality_reduction,original_best_tpr,original_best_fpr,new_best_tpr,new_best_fpr
1,1053,9,7,1044,9,0.33700402140445773,0.3356710839718309,5.551115123125783e-17,1.647195514163783e-14,0.8370040214044577,0.8356710839718308,0.6949606573673032,0.0,0.0,0.5544051484304904,0.3371947996434025,0.5544051484304904,0.3377260483914843,0.0,0.832579185520362,0.2781740370898716,0.832579185520362,0.2781740370898716
2,2354,13,12,2341,13,0.35284758037967734,0.3523828273765338,0.0,0.0,0.8528475803796776,0.8523828273765339,0.7095487377437529,0.0,0.0,0.5745767197474843,0.3874495834849822,0.5745767197474843,0.3798871682986813,0.0,0.8099547511312217,0.23537803138373753,0.8099547511312217,0.23537803138373753
3,3018,13,13,3005,13,0.35717236527004076,0.35717236527004076,0.0,0.0,0.8571723652700409,0.8571723652700409,0.7356265451423626,0.0,0.0,0.5802828538416354,0.3751286635918158,0.5802828538416354,0.37512866359181574,0.0,0.8099547511312217,0.2296718972895863,0.8099547511312217,0.2296718972895863
4,7285,13,13,7272,13,0.359076561602365,0.359076561602365,0.0,0.0,0.859076561602365,0.859076561602365,0.7526481238824949,0.0,0.0,0.5817093873651732,0.3763168622419466,0.5817093873651732,0.37631686224194666,0.0,0.8099547511312217,0.2282453637660485,0.8099547511312217,0.2282453637660485
