depth,total_points,original_hull_points,new_hull_points,remaining_points,subgroups_removed,original_hull_area,new_hull_area,hull_area_reduction,area_reduction_percentage,original_auc,new_auc,all_points_auc,auc_reduction,auc_reduction_percentage,original_max_quality,original_avg_quality,new_max_quality,new_avg_quality,quality_reduction,original_best_tpr,original_best_fpr,new_best_tpr,new_best_fpr
1,48,4,3,0,0,0.29471472556980655,0.10088367619625492,0.0,0.0,0.7947147255698066,0.6008836761962548,0.7014801092169557,0.0,0.0,0.5206589164800124,0.2492980293181686,0.19864317942693377,0.085628589194923,0.0,0.8416289592760181,0.3209700427960057,0.9276018099547512,0.7289586305278174
2,705,7,4,0,0,0.3044971307956959,0.298523118234455,5.551115123125783e-17,1.823043490958322e-14,0.804497130795696,0.7985231182344551,0.6661104692068862,0.0,0.0,0.533252431884638,0.2844150059892277,0.5275462977904868,0.2520897747884406,0.0,0.8371040723981901,0.30385164051355207,0.8371040723981901,0.3095577746077033
3,718,10,3,0,0,0.3379012528966377,0.2987780868959018,0.0,0.0,0.8379012528966376,0.7987780868959018,0.706805404044642,0.0,0.0,0.5598659962174268,0.33370104763072794,0.5558316819540282,0.3101021380789779,0.0,0.8280542986425339,0.268188302425107,0.832579185520362,0.2767475035663338
4,732,6,3,0,0,0.3222900704229898,0.300579004783083,0.0,0.0,0.8222900704229898,0.8005790047830831,0.7752144641462424,0.0,0.0,0.576003253271022,0.42754586746363205,0.557258215477566,0.31239793184913606,0.0,0.8099547511312217,0.23395149786019973,0.832579185520362,0.275320970042796
