depth,total_points,original_hull_points,new_hull_points,remaining_points,subgroups_removed,original_hull_area,new_hull_area,hull_area_reduction,area_reduction_percentage,original_auc,new_auc,all_points_auc,auc_reduction,auc_reduction_percentage,original_max_quality,original_avg_quality,new_max_quality,new_avg_quality,quality_reduction,original_best_tpr,original_best_fpr,new_best_tpr,new_best_fpr
1,48,4,4,44,4,0.29471472556980655,0.26554501971972816,0.0,0.0,0.7947147255698066,0.7655450197197281,0.7014801092169557,0.0,0.0,0.5206589164800124,0.2492980293181686,0.45294053098030607,0.2487832508181589,0.0,0.8416289592760181,0.3209700427960057,0.7239819004524887,0.2710413694721826
2,528,8,8,520,8,0.3171842422912323,0.30954163735064977,5.551115123125783e-17,1.7501232353241744e-14,0.8171842422912322,0.8095416373506498,0.6796883572917816,0.0,0.0,0.5544051484304904,0.31520984889072495,0.533252431884638,0.33803599899303516,0.0,0.832579185520362,0.2781740370898716,0.8371040723981901,0.30385164051355207
3,397,7,7,390,7,0.2945339882908063,0.2886277522091905,0.0,0.0,0.7945339882908063,0.7886277522091906,0.6323513274507652,0.0,0.0,0.5206589164800124,0.2957645694072647,0.5206589164800124,0.21075534350687494,0.0,0.8416289592760181,0.3209700427960057,0.8416289592760181,0.3209700427960057
4,431,6,7,425,6,0.30615281336939476,0.30275753448531834,0.0,0.0,0.8061528133693947,0.8027575344853184,0.6154911212811691,0.0,0.0,0.5206589164800124,0.28898707513291727,0.5206589164800124,0.26961760233556825,0.0,0.8416289592760181,0.3209700427960057,0.8416289592760181,0.3209700427960057
