depth,total_points,original_hull_points,new_hull_points,remaining_points,subgroups_removed,original_hull_area,new_hull_area,hull_area_reduction,area_reduction_percentage,original_auc,new_auc,all_points_auc,auc_reduction,auc_reduction_percentage,original_max_quality,original_avg_quality,new_max_quality,new_avg_quality,quality_reduction,original_best_tpr,original_best_fpr,new_best_tpr,new_best_fpr
1,26,6,3,0,0,0.4309906140450073,0.3761873798484676,-5.551115123125783e-17,-1.2879897942617592e-14,0.9309906140450075,0.8761873798484676,0.7670379584605527,0.0,0.0,0.6874929322628067,0.5138967419302148,0.6443608880847375,0.4067906818952844,0.0,0.7280334728033473,0.04054054054054054,0.6736401673640168,0.02927927927927928
2,982,9,2,0,0,0.4818029326397527,0.35676994986618427,0.0,0.0,0.9818029326397527,0.856769949866184,0.8596582984658295,0.0,0.0,0.8732142184025029,0.6729438643664585,0.7129085152097704,0.3575803837310113,0.0,0.9497907949790795,0.07657657657657657,0.7196652719665272,0.006756756756756757
3,2673,11,1,0,0,0.48406460854159594,0.35645425760488525,0.0,0.0,0.9840646085415959,0.856454257604885,0.8989549172603567,0.0,0.0,0.8889799841682686,0.7260613599525734,0.7129085152097704,0.7129085152097704,0.0,0.9497907949790795,0.060810810810810814,0.7196652719665272,0.006756756756756757
4,5534,10,3,0,0,0.48410230313996,0.4636529835274604,-5.551115123125783e-17,-1.1466822378494008e-14,0.98410230313996,0.9636529835274605,0.9284792114290022,0.0,0.0,0.891232236420521,0.7741094651136493,0.7754155829469637,0.7226934047017729,0.0,0.9497907949790795,0.05855855855855856,0.9916317991631799,0.21621621621621623
