depth,total_points,original_hull_points,new_hull_points,remaining_points,subgroups_removed,original_hull_area,new_hull_area,hull_area_reduction,area_reduction_percentage,original_auc,new_auc,all_points_auc,auc_reduction,auc_reduction_percentage,original_max_quality,original_avg_quality,new_max_quality,new_avg_quality,quality_reduction,original_best_tpr,original_best_fpr,new_best_tpr,new_best_fpr
1,26,6,3,0,0,0.4309906140450073,0.3761873798484676,-5.551115123125783e-17,-1.2879897942617592e-14,0.9309906140450075,0.8761873798484676,0.7670379584605527,0.0,0.0,0.6874929322628067,0.5138967419302148,0.6443608880847375,0.4067906818952844,0.0,0.7280334728033473,0.04054054054054054,0.6736401673640168,0.02927927927927928
2,1258,9,4,0,0,0.4818029326397527,0.45114780052018544,0.0,0.0,0.9818029326397527,0.9511478005201854,0.8229013532360813,0.0,0.0,0.8732142184025029,0.6729438643664585,0.8664480379961551,0.5653412303516905,0.0,0.9497907949790795,0.07657657657657657,0.9205020920502092,0.05405405405405406
3,282,9,3,0,0,0.4829243469410834,0.3581552263560632,0.0,0.0,0.9829243469410833,0.8581552263560631,0.9040672471634814,0.0,0.0,0.8889799841682686,0.6700811690351439,0.7129085152097704,0.3750675361554023,0.0,0.9497907949790795,0.060810810810810814,0.7196652719665272,0.006756756756756757
4,1186,9,4,0,0,0.48423423423423423,0.46287082061140644,0.0,0.0,0.9842342342342342,0.9628708206114064,0.9013815070300424,0.0,0.0,0.891232236420521,0.7004797684714004,0.891232236420521,0.634887764333371,0.0,0.9497907949790795,0.05855855855855856,0.9497907949790795,0.05855855855855856
