depth,total_points,original_hull_points,new_hull_points,remaining_points,subgroups_removed,original_hull_area,new_hull_area,hull_area_reduction,area_reduction_percentage,original_auc,new_auc,all_points_auc,auc_reduction,auc_reduction_percentage,original_max_quality,original_avg_quality,new_max_quality,new_avg_quality,quality_reduction,original_best_tpr,original_best_fpr,new_best_tpr,new_best_fpr
1,37,6,5,0,0,0.4198801311772023,0.3628717629763655,-5.551115123125783e-17,-1.3220713987018931e-14,0.9198801311772022,0.8628717629763655,0.7859088167665574,0.0,0.0,0.6402710241622375,0.4978671139759005,0.5777356854762713,0.41289343737042483,0.0,0.6779279279279279,0.03765690376569038,0.9752252252252253,0.39748953974895396
2,1737,7,6,0,0,0.48527083568924567,0.4815767650495683,0.0,0.0,0.9852708356892458,0.9815767650495684,0.8787270534132455,0.0,0.0,0.8548852199479814,0.7481045001965504,0.8548852199479814,0.7386287961601768,0.0,0.8716216216216216,0.016736401673640166,0.8716216216216216,0.016736401673640166
3,597,7,5,0,0,0.48904971917524215,0.487207395680199,-5.551115123125783e-17,-1.1350819570017258e-14,0.9890497191752422,0.9872073956801991,0.8782841418824682,0.0,0.0,0.8854366919220475,0.7798689304965455,0.8854366919220475,0.7533529345244827,0.0,0.9481981981981982,0.06276150627615062,0.9481981981981982,0.06276150627615062
4,692,8,4,0,0,0.49050567303705384,0.4666826868709714,5.551115123125783e-17,1.1317127259212026e-14,0.9905056730370538,0.9666826868709714,0.8995721663085681,0.0,0.0,0.8973481850050887,0.8027217855931246,0.8973481850050887,0.8765219194089487,0.0,0.9391891891891891,0.04184100418410042,0.9391891891891891,0.04184100418410042
