depth,total_points,original_hull_points,new_hull_points,remaining_points,subgroups_removed,original_hull_area,new_hull_area,hull_area_reduction,area_reduction_percentage,original_auc,new_auc,all_points_auc,auc_reduction,auc_reduction_percentage,original_max_quality,original_avg_quality,new_max_quality,new_avg_quality,quality_reduction,original_best_tpr,original_best_fpr,new_best_tpr,new_best_fpr
1,78,4,2,0,0,0.464945277527191,0.39378053139521035,-5.551115123125783e-17,-1.1939287033195301e-14,0.9649452775271912,0.8937805313952102,0.6892201834862386,0.0,0.0,0.8404452690166976,0.49141078449728515,0.7646848564279758,0.4373882997736209,0.0,0.8404452690166976,0.0,0.7922077922077922,0.027522935779816515
2,1477,4,2,0,0,0.47371108576875287,0.4370308590492077,0.0,0.0,0.9737110857687529,0.9370308590492077,0.7043640746540483,0.0,0.0,0.8599172780037787,0.6763544450307228,0.8404452690166976,0.5353398240029957,0.0,0.9424860853432282,0.08256880733944955,0.8404452690166976,0.0
3,1732,4,1,0,0,0.4748089394223077,0.4202226345083488,0.0,0.0,0.9748089394223077,0.9202226345083488,0.7187377661656824,0.0,0.0,0.8599172780037787,0.7063901039982299,0.8404452690166976,0.8404452690166976,0.0,0.9424860853432282,0.08256880733944955,0.8404452690166976,0.0
4,16596,1,1,0,0,0.4202226345083488,0.4202226345083488,0.0,0.0,0.9202226345083488,0.9202226345083488,0.7671614100185529,0.0,0.0,0.8404452690166976,0.8404452690166976,0.8404452690166976,0.8404452690166976,0.0,0.8404452690166976,0.0,0.8404452690166976,0.0
