rank,conditions,coverage,coverage_ratio,tpr,fpr,precision,roc_quality,keep_reason
1,Attribute5 <= 0.41266 AND Attribute26 != -0.01505,87,0.24786324786324787,0.5952380952380952,0.05333333333333334,0.8620689655172413,0.5419047619047619,ROC_HULL
2,Attribute5 <= 0.41266 AND Attribute26 != -0.01505 AND Attribute6 != -1.0,80,0.22792022792022792,0.5396825396825397,0.05333333333333334,0.85,0.4863492063492063,HIGH_QUALITY
3,Attribute5 <= 0.41266 AND Attribute34 >= 0.0,66,0.18803418803418803,0.46825396825396826,0.03111111111111111,0.8939393939393939,0.43714285714285717,HIGH_QUALITY
4,Attribute33 <= 0.0 AND Attribute5 != 0.8092 AND Attribute7 != 0.72873,114,0.3247863247863248,0.6031746031746031,0.1688888888888889,0.6666666666666666,0.4342857142857143,HIGH_QUALITY
5,Attribute15 <= 0.60194 AND Attribute16 <= 0.0 AND Attribute21 != 0.49909,91,0.25925925925925924,0.5238095238095238,0.1111111111111111,0.7252747252747253,0.41269841269841273,HIGH_QUALITY
6,Attribute15 <= 0.0 AND Attribute8 <= 0.01471,52,0.14814814814814814,0.4126984126984127,0.0,1.0,0.4126984126984127,HIGH_QUALITY
7,Attribute33 <= 0.40956 AND Attribute34 >= -0.16535 AND Attribute7 != 0.72873,135,0.38461538461538464,0.6349206349206349,0.24444444444444444,0.5925925925925926,0.3904761904761904,HIGH_QUALITY
8,Attribute3 != 0.87111 AND Attribute4 != 0.01631 AND Attribute5 != 0.8092,348,0.9914529914529915,1.0,0.9866666666666667,0.3620689655172414,0.013333333333333308,ROC_HULL
