fpr,tpr,quality,coverage
0.04184100418410042,0.9391891891891891,0.8973481850050887,427
0.100418410041841,0.963963963963964,0.863545553922123,452
0.008368200836820083,0.8716216216216216,0.8632534207848015,389
0.1506276150627615,0.9797297297297297,0.8291021146669681,471
0.06276150627615062,0.8873873873873874,0.8246258811112368,409
0.0041841004184100415,0.8198198198198198,0.8156357194014098,365
0.2384937238493724,0.9932432432432432,0.7547495193938708,498
0.5481171548117155,1.0,0.4518828451882845,575
