rank,conditions,coverage,coverage_ratio,tpr,fpr,precision,roc_quality,keep_reason
1,odor != n AND stalk-root != c AND stalk-surface-below-ring != y AND gill-spacing == c,1936,0.34301913536498935,0.8979591836734694,0.0,1.0,0.8979591836734694,FINAL_SELECTION
2,odor != n AND stalk-root != c AND stalk-surface-below-ring != y AND gill-spacing != w,1936,0.34301913536498935,0.8979591836734694,0.0,1.0,0.8979591836734694,FINAL_SELECTION
3,odor != n AND stalk-root != c AND stalk-surface-below-ring != y AND spore-print-color != u,2080,0.36853295535081504,0.9424860853432282,0.013761467889908258,0.9769230769230769,0.9287246174533199,FINAL_SELECTION
4,odor != n AND cap-shape != b AND stalk-root != r AND population != n,2292,0.406094968107725,0.9591836734693877,0.06422018348623854,0.9022687609075044,0.8949634899831491,FINAL_SELECTION
5,odor != n AND cap-shape != b AND stalk-root != r AND habitat != m,2292,0.406094968107725,0.9591836734693877,0.06422018348623854,0.9022687609075044,0.8949634899831491,FINAL_SELECTION
6,odor != n AND population != n AND stalk-root != r AND cap-shape != b,2292,0.406094968107725,0.9591836734693877,0.06422018348623854,0.9022687609075044,0.8949634899831491,FINAL_SELECTION
7,odor != n AND population != n AND stalk-root != r AND habitat != m,2292,0.406094968107725,0.9591836734693877,0.06422018348623854,0.9022687609075044,0.8949634899831491,FINAL_SELECTION
8,odor != n AND habitat != m AND stalk-root != r AND cap-shape != b,2292,0.406094968107725,0.9591836734693877,0.06422018348623854,0.9022687609075044,0.8949634899831491,FINAL_SELECTION
9,odor != n AND habitat != m AND stalk-root != r AND population != n,2292,0.406094968107725,0.9591836734693877,0.06422018348623854,0.9022687609075044,0.8949634899831491,FINAL_SELECTION
