depth,total_points,original_hull_points,new_hull_points,remaining_points,subgroups_removed,original_hull_area,new_hull_area,hull_area_reduction,area_reduction_percentage,original_auc,new_auc,all_points_auc,auc_reduction,auc_reduction_percentage,original_max_quality,original_avg_quality,new_max_quality,new_avg_quality,quality_reduction,original_best_tpr,original_best_fpr,new_best_tpr,new_best_fpr
1,86,2,2,0,0,0.16793650793650794,0.16793650793650788,5.551115123125783e-17,3.305484430594747e-14,0.6679365079365079,0.6679365079365079,0.6072486772486775,0.0,0.0,0.23809523809523814,0.2377777777777778,0.23809523809523814,0.2377777777777778,0.0,1.0,0.7619047619047619,1.0,0.7619047619047619
2,7131,4,1,0,0,0.39435626102292765,0.34412698412698406,-5.551115123125783e-17,-1.4076396577872625e-14,0.8943562610229276,0.8441269841269841,0.7158906525573194,0.0,0.0,0.6882539682539682,0.4692063492063492,0.6882539682539682,0.6882539682539682,0.0,0.9422222222222222,0.25396825396825395,0.9422222222222222,0.25396825396825395
3,2518,6,1,0,0,0.4310052910052911,0.37984126984126987,5.551115123125783e-17,1.2879459345332342e-14,0.9310052910052911,0.8798412698412698,0.8452204585537919,0.0,0.0,0.7596825396825396,0.5453439153439154,0.7596825396825396,0.7596825396825396,0.0,0.9422222222222222,0.18253968253968253,0.9422222222222222,0.18253968253968253
4,1241,7,3,0,0,0.45409171075837745,0.40365079365079354,1.1102230246251565e-16,2.4449312734006437e-14,0.9540917107583775,0.9036507936507936,0.8637918871252205,0.0,0.0,0.7914285714285714,0.6485714285714286,0.7914285714285714,0.7842328042328042,0.0,0.9422222222222222,0.15079365079365079,0.9422222222222222,0.15079365079365079
