depth,total_points,original_hull_points,new_hull_points,remaining_points,subgroups_removed,original_hull_area,new_hull_area,hull_area_reduction,area_reduction_percentage,original_auc,new_auc,all_points_auc,auc_reduction,auc_reduction_percentage,original_max_quality,original_avg_quality,new_max_quality,new_avg_quality,quality_reduction,original_best_tpr,original_best_fpr,new_best_tpr,new_best_fpr
2,5847,3,1,0,0,0.28396825396825387,0.27095238095238083,-5.551115123125783e-17,-1.9548365162488787e-14,0.783968253968254,0.7709523809523811,0.638148148148148,0.0,0.0,0.5419047619047619,0.32380952380952377,0.5419047619047619,0.5419047619047619,0.0,0.5952380952380952,0.05333333333333334,0.5952380952380952,0.05333333333333334
3,427,3,1,0,0,0.2848677248677248,0.27095238095238094,0.0,0.0,0.7848677248677248,0.7709523809523811,0.6599823633156965,0.0,0.0,0.5419047619047619,0.32529100529100524,0.5419047619047619,0.5419047619047619,0.0,0.5952380952380952,0.05333333333333334,0.5952380952380952,0.05333333333333334
4,422,3,1,0,0,0.2857671957671958,0.27095238095238094,0.0,0.0,0.7857671957671958,0.7709523809523811,0.6599118165784832,0.0,0.0,0.5419047619047619,0.32677248677248677,0.5419047619047619,0.5419047619047619,0.0,0.5952380952380952,0.05333333333333334,0.5952380952380952,0.05333333333333334
