depth,total_points,original_hull_points,new_hull_points,remaining_points,subgroups_removed,original_hull_area,new_hull_area,hull_area_reduction,area_reduction_percentage,original_auc,new_auc,all_points_auc,auc_reduction,auc_reduction_percentage,original_max_quality,original_avg_quality,new_max_quality,new_avg_quality,quality_reduction,original_best_tpr,original_best_fpr,new_best_tpr,new_best_fpr
1,61,5,3,0,0,0.21064747834079423,0.1834968766489081,2.7755575615628914e-17,1.3176315156607188e-14,0.7106474783407941,0.6834968766489081,0.6038429133121136,0.0,0.0,0.27289748259604085,0.19523242157580295,0.2191069088185733,0.20966593476423098,0.0,0.62152133580705,0.3486238532110092,0.6938775510204082,0.47477064220183485
2,3503,6,2,0,0,0.4737536382359449,0.4526476145086893,0.0,0.0,0.973753638235945,0.9526476145086892,0.7155825007233925,0.0,0.0,0.8599172780037787,0.644874129802046,0.8032203707170942,0.7997225579139079,0.0,0.9424860853432282,0.08256880733944955,0.9591836734693877,0.1559633027522936
3,1156,5,1,0,0,0.48375346802607616,0.4368393729468435,-5.551115123125783e-17,-1.147509111568076e-14,0.9837534680260762,0.9368393729468435,0.7919929022484723,0.0,0.0,0.9149631495634116,0.6904818641384827,0.8736787458936869,0.8736787458936869,0.0,0.9424860853432282,0.027522935779816515,0.9424860853432282,0.06880733944954129
4,609,4,1,0,0,0.4875789348266413,0.4574815747817058,0.0,0.0,0.9875789348266413,0.9574815747817058,0.7932274557028818,0.0,0.0,0.9287246174533199,0.7367066092492043,0.9149631495634116,0.9149631495634116,0.0,0.9424860853432282,0.013761467889908258,0.9424860853432282,0.027522935779816515
