depth,total_points,original_hull_points,new_hull_points,remaining_points,subgroups_removed,original_hull_area,new_hull_area,hull_area_reduction,area_reduction_percentage,original_auc,new_auc,all_points_auc,auc_reduction,auc_reduction_percentage,original_max_quality,original_avg_quality,new_max_quality,new_avg_quality,quality_reduction,original_best_tpr,original_best_fpr,new_best_tpr,new_best_fpr
2,4976,5,1,0,0,0.48006842436724484,0.42995863900188935,0.0,0.0,0.9800684243672447,0.9299586390018894,0.7163303603342922,0.0,0.0,0.9149631495634116,0.6421763033820701,0.8599172780037787,0.8599172780037787,0.0,0.9424860853432282,0.027522935779816515,0.9424860853432282,0.08256880733944955
3,10509,5,1,0,0,0.48085990025701686,0.4574815747817058,0.0,0.0,0.9808599002570169,0.9574815747817058,0.9420690711647461,0.0,0.0,0.9149631495634116,0.6536790863134245,0.9149631495634116,0.9149631495634116,0.0,0.9424860853432282,0.027522935779816515,0.9424860853432282,0.027522935779816515
4,10116,5,1,0,0,0.48085990025701686,0.4574815747817058,0.0,0.0,0.9808599002570169,0.9574815747817058,0.9711238957634764,0.0,0.0,0.9149631495634116,0.6536790863134245,0.9149631495634116,0.9149631495634116,0.0,0.9424860853432282,0.027522935779816515,0.9424860853432282,0.027522935779816515
