depth,total_points,original_hull_points,new_hull_points,remaining_points,subgroups_removed,original_hull_area,new_hull_area,hull_area_reduction,area_reduction_percentage,original_auc,new_auc,all_points_auc,auc_reduction,auc_reduction_percentage,original_max_quality,original_avg_quality,new_max_quality,new_avg_quality,quality_reduction,original_best_tpr,original_best_fpr,new_best_tpr,new_best_fpr
1,26,6,3,0,0,0.4309906140450073,0.3949640016585623,-5.551115123125783e-17,-1.2879897942617592e-14,0.9309906140450075,0.8949640016585623,0.7670379584605527,0.0,0.0,0.6874929322628067,0.5138967419302148,0.6443608880847375,0.502315076582859,0.0,0.7280334728033473,0.04054054054054054,0.6736401673640168,0.02927927927927928
2,1024,9,4,0,0,0.4818029326397527,0.46058087376078993,0.0,0.0,0.9818029326397527,0.9605808737607902,0.8491320818726675,0.0,0.0,0.8732142184025029,0.6729438643664585,0.872563986580723,0.8683068528779826,0.0,0.9497907949790795,0.07657657657657657,0.9288702928870293,0.05630630630630631
3,3085,11,2,0,0,0.48406460854159594,0.4555439330543933,0.0,0.0,0.9840646085415959,0.9555439330543933,0.9033604734441555,0.0,0.0,0.8889799841682686,0.7260613599525734,0.8889799841682686,0.8868926457838592,0.0,0.9497907949790795,0.060810810810810814,0.9497907949790795,0.060810810810810814
4,5562,10,1,0,0,0.48410230313996,0.4456161182102605,-5.551115123125783e-17,-1.1466822378494008e-14,0.98410230313996,0.9456161182102605,0.8803573447924913,0.0,0.0,0.891232236420521,0.7741094651136493,0.891232236420521,0.891232236420521,0.0,0.9497907949790795,0.05855855855855856,0.9497907949790795,0.05855855855855856
