depth,total_points,original_hull_points,new_hull_points,remaining_points,subgroups_removed,original_hull_area,new_hull_area,hull_area_reduction,area_reduction_percentage,original_auc,new_auc,all_points_auc,auc_reduction,auc_reduction_percentage,original_max_quality,original_avg_quality,new_max_quality,new_avg_quality,quality_reduction,original_best_tpr,original_best_fpr,new_best_tpr,new_best_fpr
1,26,6,4,0,0,0.4309906140450073,0.3986392249990577,-5.551115123125783e-17,-1.2879897942617592e-14,0.9309906140450075,0.8986392249990576,0.7670379584605527,0.0,0.0,0.6874929322628067,0.5138967419302148,0.6443608880847375,0.4394978137132949,0.0,0.7280334728033473,0.04054054054054054,0.6736401673640168,0.02927927927927928
2,1316,9,4,0,0,0.4818029326397527,0.46058087376079,0.0,0.0,0.9818029326397527,0.9605808737607902,0.8199941573372537,0.0,0.0,0.8732142184025029,0.6729438643664585,0.872563986580723,0.8683068528779826,0.0,0.9497907949790795,0.07657657657657657,0.9288702928870293,0.05630630630630631
3,1078,11,2,0,0,0.48406460854159594,0.4555439330543933,0.0,0.0,0.9840646085415959,0.9555439330543933,0.9073608126955406,0.0,0.0,0.8889799841682686,0.7260613599525734,0.8889799841682686,0.8868926457838592,0.0,0.9497907949790795,0.060810810810810814,0.9497907949790795,0.060810810810810814
4,1669,11,1,0,0,0.48437087715330396,0.4456161182102605,0.0,0.0,0.9843708771533038,0.9456161182102605,0.9088167665573522,0.0,0.0,0.891232236420521,0.7248611296728451,0.891232236420521,0.891232236420521,0.0,0.9497907949790795,0.05855855855855856,0.9497907949790795,0.05855855855855856
