depth,total_points,original_hull_points,new_hull_points,remaining_points,subgroups_removed,original_hull_area,new_hull_area,hull_area_reduction,area_reduction_percentage,original_auc,new_auc,all_points_auc,auc_reduction,auc_reduction_percentage,original_max_quality,original_avg_quality,new_max_quality,new_avg_quality,quality_reduction,original_best_tpr,original_best_fpr,new_best_tpr,new_best_fpr
2,1304,10,1,0,0,0.4835557314636812,0.44448999208413437,0.0,0.0,0.9835557314636812,0.9444899920841343,0.8896160805156622,0.0,0.0,0.8889799841682686,0.6911012476912057,0.8889799841682686,0.8889799841682686,0.0,0.9497907949790795,0.060810810810810814,0.9497907949790795,0.060810810810810814
3,4768,11,1,0,0,0.48416826868709717,0.44561611821026037,0.0,0.0,0.9841682686870971,0.9456161182102605,0.8984554638320329,0.0,0.0,0.891232236420521,0.7141815645999746,0.891232236420521,0.891232236420521,0.0,0.9497907949790795,0.05855855855855856,0.9497907949790795,0.05855855855855856
4,5797,11,1,0,0,0.4842436578838253,0.4456161182102605,0.0,0.0,0.9842436578838253,0.9456161182102605,0.9557842361189641,0.0,0.0,0.891232236420521,0.714591065009475,0.891232236420521,0.891232236420521,0.0,0.9497907949790795,0.05855855855855856,0.9497907949790795,0.05855855855855856
