depth,total_points,original_hull_points,new_hull_points,remaining_points,subgroups_removed,original_hull_area,new_hull_area,hull_area_reduction,area_reduction_percentage,original_auc,new_auc,all_points_auc,auc_reduction,auc_reduction_percentage,original_max_quality,original_avg_quality,new_max_quality,new_avg_quality,quality_reduction,original_best_tpr,original_best_fpr,new_best_tpr,new_best_fpr
1,78,4,4,74,4,0.464945277527191,0.412061071300914,-5.551115123125783e-17,-1.1939287033195301e-14,0.9649452775271912,0.9120610713009141,0.6892201834862386,0.0,0.0,0.8404452690166976,0.49141078449728515,0.7646848564279758,0.5547522595360079,0.0,0.8404452690166976,0.0,0.7922077922077922,0.027522935779816515
2,3204,5,5,3199,5,0.4768003948868955,0.4697707273067692,-5.551115123125783e-17,-1.1642429793797872e-14,0.9768003948868955,0.9697707273067693,0.7157984544943917,0.0,0.0,0.8599172780037787,0.6311671290701436,0.8404452690166976,0.5908001565930793,0.0,0.9424860853432282,0.08256880733944955,0.8404452690166976,0.0
3,3039,5,5,3034,5,0.4812939354223758,0.4768940103147181,5.551115123125783e-17,1.1533731706497017e-14,0.9812939354223758,0.9768940103147181,0.7658906869670303,0.0,0.0,0.9149631495634116,0.6641946520059233,0.8599172780037787,0.632084560262804,0.0,0.9424860853432282,0.027522935779816515,0.9424860853432282,0.08256880733944955
4,1988,5,5,1983,5,0.48217902673997043,0.4820854113121479,0.0,0.0,0.9821790267399704,0.9820854113121479,0.7769351798267263,0.0,0.0,0.9149631495634116,0.6766148661299383,0.9149631495634116,0.6756974349372776,0.0,0.9424860853432282,0.027522935779816515,0.9424860853432282,0.027522935779816515
