depth,total_points,original_hull_points,new_hull_points,remaining_points,subgroups_removed,original_hull_area,new_hull_area,hull_area_reduction,area_reduction_percentage,original_auc,new_auc,all_points_auc,auc_reduction,auc_reduction_percentage,original_max_quality,original_avg_quality,new_max_quality,new_avg_quality,quality_reduction,original_best_tpr,original_best_fpr,new_best_tpr,new_best_fpr
1,49,5,3,0,0,0.29372081537356326,0.21030890804597702,0.08341190732758624,28.398364352046478,0.7937208153735632,0.710308908045977,0.6748187185704023,0.08341190732758619,10.5089731442067,0.5176005747126438,0.290625,0.35811781609195403,0.30536099137931033,0.15948275862068972,0.8405172413793104,0.3229166666666667,0.9310344827586207,0.5729166666666666
2,1088,6,2,0,0,0.3186596399066092,0.27104660560344823,0.047613034303160995,14.941658227290763,0.8186596399066092,0.7710466056034482,0.6684458063936782,0.047613034303160995,5.815974305096142,0.5176005747126438,0.3915978208812261,0.5176005747126438,0.5096084770114944,0.0,0.8405172413793104,0.3229166666666667,0.8405172413793104,0.3229166666666667
3,1056,8,2,0,0,0.31365616020114945,0.27656923491379315,0.0370869252873563,11.824070429087778,0.8136561602011495,0.7765692349137931,0.763770092492816,0.037086925287356354,4.558058686385149,0.5493444683908046,0.3755219558189655,0.5493444683908046,0.5459321120689655,0.0,0.8318965517241379,0.2825520833333333,0.8318965517241379,0.2825520833333333
4,1002,6,2,0,0,0.32181101831896547,0.2892140355603448,0.03259698275862066,10.129231413174272,0.8218110183189655,0.7892140355603448,0.7709764502514368,0.032596982758620774,3.9664815915097726,0.569055316091954,0.42376077586206895,0.569055316091954,0.5616020114942528,0.0,0.8060344827586207,0.23697916666666666,0.8060344827586207,0.23697916666666666
