depth,total_points,original_hull_points,new_hull_points,remaining_points,subgroups_removed,original_hull_area,new_hull_area,hull_area_reduction,area_reduction_percentage,original_auc,new_auc,all_points_auc,auc_reduction,auc_reduction_percentage,original_max_quality,original_avg_quality,new_max_quality,new_avg_quality,quality_reduction,original_best_tpr,original_best_fpr,new_best_tpr,new_best_fpr
2,4861,5,1,0,0,0.4768003948868955,0.4202226345083488,-5.551115123125783e-17,-1.1642429793797872e-14,0.9768003948868955,0.9202226345083488,0.7147170899218738,0.0,0.0,0.8599172780037787,0.6311671290701435,0.8404452690166976,0.8404452690166976,0.0,0.9424860853432282,0.08256880733944955,0.8404452690166976,0.0
3,10363,5,1,0,0,0.48006842436724484,0.4202226345083488,0.0,0.0,0.9800684243672447,0.9202226345083488,0.9097036646184745,0.0,0.0,0.9149631495634116,0.6421763033820701,0.8404452690166976,0.8404452690166976,0.0,0.9424860853432282,0.027522935779816515,0.8404452690166976,0.0
4,13068,5,2,0,0,0.48085990025701686,0.46715375057445824,0.0,0.0,0.9808599002570169,0.9671537505744584,0.9710728328028458,0.0,0.0,0.9149631495634116,0.6536790863134245,0.9149631495634116,0.6551675716158023,0.0,0.9424860853432282,0.027522935779816515,0.9424860853432282,0.027522935779816515
