depth,total_points,original_hull_points,new_hull_points,remaining_points,subgroups_removed,original_hull_area,new_hull_area,hull_area_reduction,area_reduction_percentage,original_auc,new_auc,all_points_auc,auc_reduction,auc_reduction_percentage,original_max_quality,original_avg_quality,new_max_quality,new_avg_quality,quality_reduction,original_best_tpr,original_best_fpr,new_best_tpr,new_best_fpr
1,61,5,2,0,0,0.21064747834079423,0.14603581215638886,2.7755575615628914e-17,1.3176315156607188e-14,0.7106474783407941,0.6460358121563888,0.6038429133121136,0.0,0.0,0.27289748259604085,0.19523242157580295,0.20037105751391465,0.15752497829824172,0.0,0.62152133580705,0.3486238532110092,0.20037105751391465,0.0
2,2913,6,1,0,0,0.4737536382359449,0.3673469387755102,0.0,0.0,0.973753638235945,0.8673469387755102,0.7253169094994129,0.0,0.0,0.8599172780037787,0.644874129802046,0.7346938775510204,0.7346938775510204,0.0,0.9424860853432282,0.08256880733944955,0.7346938775510204,0.0
3,12486,3,2,0,0,0.4742132048816189,0.46845160082381565,0.0,0.0,0.974213204881619,0.9684516008238158,0.9059675579990129,0.0,0.0,0.9149631495634116,0.8508167236869726,0.8582662422767271,0.8187435107487532,0.0,0.9424860853432282,0.027522935779816515,0.9591836734693877,0.10091743119266056
4,1030,3,1,0,0,0.4773237902333576,0.4474817449915745,-1.1102230246251565e-16,-2.3259327260482503e-14,0.9773237902333577,0.9474817449915746,0.9383755170124763,0.0,0.0,0.9287246174533199,0.9072157637033128,0.8949634899831491,0.8949634899831491,0.0,0.9424860853432282,0.013761467889908258,0.9591836734693877,0.06422018348623854
