fpr,tpr,quality,coverage
0.05855855855855856,0.9497907949790795,0.891232236420521,253
0.11261261261261261,0.9832635983263598,0.8706509857137472,285
0.038288288288288286,0.899581589958159,0.8612933016698707,232
0.024774774774774775,0.8326359832635983,0.8078612084888236,210
0.21621621621621623,0.9916317991631799,0.7754155829469637,333
0.006756756756756757,0.7196652719665272,0.7129085152097704,175
0.0,0.4435146443514644,0.4435146443514644,106
0.9977477477477478,1.0,0.0022522522522522292,682
