depth,total_points,original_hull_points,new_hull_points,remaining_points,subgroups_removed,original_hull_area,new_hull_area,hull_area_reduction,area_reduction_percentage,original_auc,new_auc,all_points_auc,auc_reduction,auc_reduction_percentage,original_max_quality,original_avg_quality,new_max_quality,new_avg_quality,quality_reduction,original_best_tpr,original_best_fpr,new_best_tpr,new_best_fpr
1,27,2,2,25,2,0.1884214172985874,0.07161312983563653,5.551115123125783e-17,2.9461168495134756e-14,0.6884214172985874,0.5716131298356365,0.5937415797374803,0.0,0.0,0.3418915277724316,0.32472381538935297,0.13784210323723012,0.11930309095808156,0.0,0.7635782747603834,0.42168674698795183,0.6980830670926518,0.5602409638554217
2,1043,4,4,1039,4,0.2113918934524039,0.17428499942261055,5.551115123125783e-17,2.6259829705227787e-14,0.711391893452404,0.6742849994226107,0.5701263520535818,0.0,0.0,0.3418915277724316,0.2562935447861735,0.32160591246776243,0.24770968859463413,0.0,0.7635782747603834,0.42168674698795183,0.5143769968051118,0.1927710843373494
3,954,2,3,952,2,0.24369683205666118,0.2019515762731437,0.0,0.0,0.7436968320566613,0.7019515762731438,0.6776964086377459,0.0,0.0,0.3450479233226837,0.3434697255475576,0.3450479233226837,0.32473664626557347,0.0,0.3450479233226837,0.0,0.3450479233226837,0.0
4,898,2,3,896,2,0.24369683205666118,0.2019515762731437,0.0,0.0,0.7436968320566613,0.7019515762731438,0.6821110319873744,0.0,0.0,0.3450479233226837,0.3434697255475576,0.3450479233226837,0.32473664626557347,0.0,0.3450479233226837,0.0,0.3450479233226837,0.0
