dataset,percentage,below_hull_ref_dist,below_hull_threshold,below_hull_n_selected,below_hull_new_hull_pts,below_hull_auc_change,above_diag_ref_dist,above_diag_threshold,above_diag_n_selected,above_diag_new_hull_pts,above_diag_auc_change
mushroom,0.5,0.031815176062159334,0.031974251942470125,1,0,100.0,0.8416421660963892,0.8374339552659072,1,0,100.0
mushroom,1.0,0.031815176062159334,0.03213332782278093,1,0,100.0,0.8416421660963892,0.8332257444354253,1,0,100.0
mushroom,2.0,0.031815176062159334,0.03245147958340252,1,0,100.0,0.8416421660963892,0.8248093227744614,1,0,100.0
mushroom,5.0,0.031815176062159334,0.0334059348652673,2,0,100.0,0.8416421660963892,0.7995600577915697,3,3,3.620623278678814
mushroom,10.0,0.031815176062159334,0.03499669366837527,2,0,100.0,0.8416421660963892,0.7574779494867503,4,3,3.620623278678814
