depth,total_points,original_hull_points,new_hull_points,remaining_points,subgroups_removed,original_hull_area,new_hull_area,hull_area_reduction,area_reduction_percentage,original_auc,new_auc,all_points_auc,auc_reduction,auc_reduction_percentage,original_max_quality,original_avg_quality,new_max_quality,new_avg_quality,quality_reduction,original_best_tpr,original_best_fpr,new_best_tpr,new_best_fpr
1,37,7,7,30,7,0.4702448264163746,0.45024784198424367,0.0,0.0,0.9702448264163746,0.9502478419842437,0.8387472200233707,0.0,0.0,0.8143446794074409,0.5865346817229662,0.808860115345471,0.5602184671222329,0.0,0.9832635983263598,0.16891891891891891,0.9372384937238494,0.12837837837837837
2,668,9,10,659,9,0.4818406272381167,0.48158618869915937,0.0,0.0,0.9818406272381167,0.9815861886991594,0.8841974820008293,0.0,0.0,0.8732142184025029,0.6766630647383785,0.872563986580723,0.6672528176712277,0.0,0.9497907949790795,0.07657657657657657,0.9288702928870293,0.05630630630630631
3,539,8,12,531,8,0.4834096648950206,0.4821798786233933,0.0,0.0,0.9834096648950205,0.9821798786233933,0.8912887783180671,0.0,0.0,0.8889799841682686,0.6476674111349843,0.8777187229070074,0.6944986304295928,0.0,0.9497907949790795,0.060810810810810814,0.9497907949790795,0.07207207207207207
4,430,10,9,420,10,0.48399864299445894,0.4810160578989031,0.0,0.0,0.9839986429944589,0.9810160578989031,0.9034971163632252,0.0,0.0,0.891232236420521,0.6914885596893965,0.891232236420521,0.6626364858582432,0.0,0.9497907949790795,0.05855855855855856,0.9497907949790795,0.05855855855855856
