depth,total_points,original_hull_points,new_hull_points,remaining_points,subgroups_removed,original_hull_area,new_hull_area,hull_area_reduction,area_reduction_percentage,original_auc,new_auc,all_points_auc,auc_reduction,auc_reduction_percentage,original_max_quality,original_avg_quality,new_max_quality,new_avg_quality,quality_reduction,original_best_tpr,original_best_fpr,new_best_tpr,new_best_fpr
1,108,2,4,106,2,0.2797354497354497,0.25816578483245156,0.0,0.0,0.7797354497354497,0.7581657848324516,0.6518694885361555,0.0,0.0,0.5374603174603174,0.4592063492063492,0.4755555555555556,0.3703174603174604,0.0,0.9422222222222222,0.40476190476190477,0.92,0.4444444444444444
2,5007,4,4,5003,4,0.39435626102292765,0.37477954144620806,-5.551115123125783e-17,-1.4076396577872625e-14,0.8943562610229276,0.8747795414462081,0.7428571428571429,0.0,0.0,0.6882539682539682,0.4692063492063492,0.6882539682539682,0.4530952380952381,0.0,0.9422222222222222,0.25396825396825395,0.9422222222222222,0.25396825396825395
3,3864,5,6,3859,5,0.42901234567901236,0.42626102292768964,5.551115123125783e-17,1.2939289927285996e-14,0.9290123456790124,0.9262610229276896,0.8163492063492064,0.0,0.0,0.7596825396825396,0.5538412698412698,0.7596825396825396,0.5066666666666667,0.0,0.9422222222222222,0.18253968253968253,0.9422222222222222,0.18253968253968253
4,6461,4,6,6457,4,0.45158730158730154,0.44961199294532617,0.0,0.0,0.9515873015873016,0.9496119929453264,0.8582010582010582,0.0,0.0,0.8073015873015873,0.5856349206349207,0.7914285714285714,0.642063492063492,0.0,0.9422222222222222,0.1349206349206349,0.9422222222222222,0.15079365079365079
