depth,total_points,original_hull_points,new_hull_points,remaining_points,subgroups_removed,original_hull_area,new_hull_area,hull_area_reduction,area_reduction_percentage,original_auc,new_auc,all_points_auc,auc_reduction,auc_reduction_percentage,original_max_quality,original_avg_quality,new_max_quality,new_avg_quality,quality_reduction,original_best_tpr,original_best_fpr,new_best_tpr,new_best_fpr
1,108,2,4,106,2,0.2797354497354497,0.25816578483245156,0.0,0.0,0.7797354497354497,0.7581657848324516,0.6518694885361555,0.0,0.0,0.5374603174603174,0.4592063492063492,0.4755555555555556,0.3703174603174604,0.0,0.9422222222222222,0.40476190476190477,0.92,0.4444444444444444
2,20868,4,3,20864,4,0.3943562610229277,0.3895943562610229,0.0,0.0,0.8943562610229276,0.8895943562610229,0.687425044091711,0.0,0.0,0.6882539682539682,0.4692063492063492,0.6882539682539682,0.5553439153439154,0.0,0.9422222222222222,0.25396825396825395,0.9422222222222222,0.25396825396825395
3,3964,5,5,3959,5,0.42901234567901236,0.42901234567901236,5.551115123125783e-17,1.2939289927285996e-14,0.9290123456790124,0.9290123456790124,0.8177248677248679,0.0,0.0,0.7596825396825396,0.5538412698412698,0.7596825396825396,0.5538412698412698,0.0,0.9422222222222222,0.18253968253968253,0.9422222222222222,0.18253968253968253
4,3850,4,4,3846,4,0.4515873015873015,0.4515873015873015,-5.551115123125783e-17,-1.2292451766499978e-14,0.9515873015873016,0.9515873015873016,0.8674426807760142,0.0,0.0,0.8073015873015873,0.5856349206349206,0.8073015873015873,0.5856349206349206,0.0,0.9422222222222222,0.1349206349206349,0.9422222222222222,0.1349206349206349
