depth,total_points,original_hull_points,new_hull_points,remaining_points,subgroups_removed,original_hull_area,new_hull_area,hull_area_reduction,area_reduction_percentage,original_auc,new_auc,all_points_auc,auc_reduction,auc_reduction_percentage,original_max_quality,original_avg_quality,new_max_quality,new_avg_quality,quality_reduction,original_best_tpr,original_best_fpr,new_best_tpr,new_best_fpr
1,4221,3,3,4218,3,0.28396825396825387,0.28245149911816575,-5.551115123125783e-17,-1.9548365162488787e-14,0.783968253968254,0.7824514991181658,0.6350440917107584,0.0,0.0,0.5419047619047619,0.32380952380952377,0.5374603174603174,0.3196825396825396,0.0,0.5952380952380952,0.05333333333333334,0.5952380952380952,0.057777777777777775
2,10126,3,4,10123,3,0.28396825396825387,0.28377425044091703,-5.551115123125783e-17,-1.9548365162488787e-14,0.783968253968254,0.7837742504409172,0.7262257495590829,0.0,0.0,0.5419047619047619,0.32380952380952377,0.5419047619047619,0.3469047619047619,0.0,0.5952380952380952,0.05333333333333334,0.5952380952380952,0.05333333333333334
3,10153,3,4,10150,3,0.2839682539682539,0.2837742504409171,0.0,0.0,0.783968253968254,0.7837742504409172,0.7796649029982364,0.0,0.0,0.5419047619047619,0.3238095238095238,0.5419047619047619,0.3469047619047619,0.0,0.5952380952380952,0.05333333333333334,0.5952380952380952,0.05333333333333334
4,14089,3,4,14086,3,0.2839682539682539,0.2837742504409171,0.0,0.0,0.783968253968254,0.7837742504409172,0.7790299823633158,0.0,0.0,0.5419047619047619,0.3238095238095238,0.5419047619047619,0.3469047619047619,0.0,0.5952380952380952,0.05333333333333334,0.5952380952380952,0.05333333333333334
