depth,total_points,original_hull_points,new_hull_points,remaining_points,subgroups_removed,original_hull_area,new_hull_area,hull_area_reduction,area_reduction_percentage,original_auc,new_auc,all_points_auc,auc_reduction,auc_reduction_percentage,original_max_quality,original_avg_quality,new_max_quality,new_avg_quality,quality_reduction,original_best_tpr,original_best_fpr,new_best_tpr,new_best_fpr
1,36,5,4,0,0,0.17012864621323123,0.14996998470188028,0.0,0.0,0.6701286462132313,0.6499699847018804,0.6007836252025227,0.0,0.0,0.2223262178787898,0.15742991589261623,0.18705017395963097,0.1632880629482123,0.0,0.4434389140271493,0.2211126961483595,0.8190045248868778,0.6319543509272468
2,1860,9,2,0,0,0.33700402140445773,0.2776899193782637,5.551115123125783e-17,1.647195514163783e-14,0.8370040214044577,0.7776899193782638,0.6695670696677664,0.0,0.0,0.5544051484304904,0.3371947996434025,0.5544051484304904,0.5504708851608239,0.0,0.832579185520362,0.2781740370898716,0.832579185520362,0.2781740370898716
