depth,total_points,original_hull_points,new_hull_points,remaining_points,subgroups_removed,original_hull_area,new_hull_area,hull_area_reduction,area_reduction_percentage,original_auc,new_auc,all_points_auc,auc_reduction,auc_reduction_percentage,original_max_quality,original_avg_quality,new_max_quality,new_avg_quality,quality_reduction,original_best_tpr,original_best_fpr,new_best_tpr,new_best_fpr
2,1971,10,3,0,0,0.346063477514346,0.292010121287624,0.0,0.0,0.846063477514346,0.792010121287624,0.703978156608852,0.0,0.0,0.5745767197474843,0.37643379528921195,0.5745767197474843,0.5634247993063131,0.0,0.8099547511312217,0.23537803138373753,0.8099547511312217,0.23537803138373753
3,2305,11,1,0,0,0.3551842552010379,0.2901414269208178,0.0,0.0,0.855184255201038,0.7901414269208177,0.7262346615371706,0.0,0.0,0.5802828538416354,0.374663098083422,0.5802828538416354,0.5802828538416354,0.0,0.8099547511312217,0.2296718972895863,0.8099547511312217,0.2296718972895863
4,5949,13,1,0,0,0.3586376282105072,0.2908546936825866,0.0,0.0,0.8586376282105073,0.7908546936825867,0.7420717656095684,0.0,0.0,0.5817093873651732,0.3776560063119019,0.5817093873651732,0.5817093873651732,0.0,0.8099547511312217,0.2282453637660485,0.8099547511312217,0.2282453637660485
