rank,conditions,coverage,coverage_ratio,tpr,fpr,precision,roc_quality,keep_reason
1,Uniformity_of_cell_size != 1.0 AND Uniformity_of_cell_shape != 1.0 AND Bland_chromatin >= 3.0 AND Single_epithelial_cell_size != 1,253,0.37042459736456806,0.9497907949790795,0.05855855855855856,0.8972332015810277,0.891232236420521,ROC_HULL
2,Uniformity_of_cell_size != 1.0 AND Uniformity_of_cell_shape != 1.0 AND Single_epithelial_cell_size != 1 AND Sample_code_number >= 63375,285,0.4172767203513909,0.9832635983263598,0.11261261261261261,0.8245614035087719,0.8706509857137472,HIGH_QUALITY
3,Uniformity_of_cell_size != 1.0 AND Uniformity_of_cell_shape != 1.0 AND Bare_nuclei != 1 AND Bland_chromatin != 2.0,232,0.3396778916544656,0.899581589958159,0.038288288288288286,0.9267241379310345,0.8612933016698707,HIGH_QUALITY
4,Bare_nuclei != 1 AND Uniformity_of_cell_shape != 1.0 AND Bland_chromatin >= 3.0 AND Single_epithelial_cell_size != 2.0,210,0.3074670571010249,0.8326359832635983,0.024774774774774775,0.9476190476190476,0.8078612084888236,HIGH_QUALITY
5,Uniformity_of_cell_shape != 1.0 AND Single_epithelial_cell_size != 1 AND Sample_code_number >= 63375 AND Clump_thickness >= 1,333,0.48755490483162517,0.9916317991631799,0.21621621621621623,0.7117117117117117,0.7754155829469637,ROC_HULL
6,Uniformity_of_cell_shape != 1.0 AND Single_epithelial_cell_size != 1 AND Sample_code_number != 877617.0 AND Uniformity_of_cell_size >= 5.0,175,0.2562225475841874,0.7196652719665272,0.006756756756756757,0.9828571428571429,0.7129085152097704,ROC_HULL
7,Uniformity_of_cell_shape != 1.0 AND Uniformity_of_cell_size >= 5.0 AND Sample_code_number >= 63375 AND Bare_nuclei == 10,95,0.1390922401171303,0.39748953974895396,0.0,1.0,0.39748953974895396,ROC_HULL
