dataset,percentage,below_hull_ref_dist,below_hull_threshold,below_hull_n_selected,below_hull_new_hull_pts,below_hull_auc_change,above_diag_ref_dist,above_diag_threshold,above_diag_n_selected,above_diag_new_hull_pts,above_diag_auc_change
ionosphere,0.5,0.040479987848408894,0.04068238778765093,1,0,100.0,0.48634920634920636,0.48391746031746036,1,0,100.0
ionosphere,1.0,0.040479987848408894,0.04088478772689298,1,0,100.0,0.48634920634920636,0.4814857142857143,1,0,100.0
ionosphere,2.0,0.040479987848408894,0.04128958760537707,1,0,100.0,0.48634920634920636,0.4766222222222222,1,0,100.0
ionosphere,5.0,0.040479987848408894,0.04250398724082934,1,0,100.0,0.48634920634920636,0.462031746031746,1,0,100.0
ionosphere,10.0,0.040479987848408894,0.044527986633249785,1,0,100.0,0.48634920634920636,0.4377142857142857,2,0,100.0
