depth,total_points,original_hull_points,new_hull_points,remaining_points,subgroups_removed,original_hull_area,new_hull_area,hull_area_reduction,area_reduction_percentage,original_auc,new_auc,all_points_auc,auc_reduction,auc_reduction_percentage,original_max_quality,original_avg_quality,new_max_quality,new_avg_quality,quality_reduction,original_best_tpr,original_best_fpr,new_best_tpr,new_best_fpr
1,51,5,0,0,0,0.0819704433497537,0.0,0.0,0.0,0.0,0.0,0.0,0.0,0.0,0.0,0.0,0.0,0.0,0.0,0.0,0.0,0.0,0.0
2,562,6,1,0,0,0.10130815544608644,0.06449370552818826,0.03681444991789819,36.339078286239136,0.6013081554460865,0.5644937055281882,0.5546360153256704,0.036814449917898284,6.122393249528956,0.13899288451012592,0.08683816821747854,0.12898741105637657,0.12898741105637657,0.010005473453749358,0.8078817733990148,0.6688888888888889,0.6600985221674877,0.5311111111111111
3,408,3,1,0,0,0.09662287903667213,0.08067870826491513,0.015944170771757,16.501444513680415,0.5966228790366721,0.5806787082649151,0.565823754789272,0.015944170771757027,2.672403511829958,0.16135741652983032,0.13323846013501187,0.16135741652983032,0.16135741652983032,0.0,0.6502463054187192,0.4888888888888889,0.6502463054187192,0.4888888888888889
4,376,3,1,0,0,0.10704433497536944,0.0862342638204707,0.020810071154898746,19.440609500434633,0.6070443349753695,0.5862342638204707,0.5809250136836344,0.020810071154898746,3.4280974149512664,0.1724685276409414,0.1478927203065134,0.1724685276409414,0.1724685276409414,0.0,0.6502463054187192,0.4777777777777778,0.6502463054187192,0.4777777777777778
