depth,total_points,original_hull_points,new_hull_points,remaining_points,subgroups_removed,original_hull_area,new_hull_area,hull_area_reduction,area_reduction_percentage,original_auc,new_auc,all_points_auc,auc_reduction,auc_reduction_percentage,original_max_quality,original_avg_quality,new_max_quality,new_avg_quality,quality_reduction,original_best_tpr,original_best_fpr,new_best_tpr,new_best_fpr
1,51,7,5,44,7,0.46984432130875636,0.4580600474951939,-5.551115123125783e-17,-1.1814796670656979e-14,0.9698443213087564,0.9580600474951939,0.8929049342229259,0.0,0.0,0.8143446794074408,0.6904075324577416,0.8143446794074408,0.5928813750989483,0.0,0.831081081081081,0.016736401673640166,0.831081081081081,0.016736401673640166
2,1045,7,6,1038,7,0.48527083568924567,0.4831505145312676,0.0,0.0,0.9852708356892458,0.9831505145312677,0.8760413132798069,0.0,0.0,0.8548852199479814,0.7481045001965503,0.8548852199479814,0.6966731375727191,0.0,0.8716216216216216,0.016736401673640166,0.8716216216216216,0.016736401673640166
3,462,8,8,454,8,0.4878010856044329,0.4872309548041766,0.0,0.0,0.9878010856044329,0.9872309548041766,0.8876700968751178,0.0,0.0,0.8854366919220475,0.7832148309397264,0.8809321874175431,0.7830546288966791,0.0,0.9481981981981982,0.06276150627615062,0.9436936936936937,0.06276150627615062
4,401,8,9,393,8,0.4896245618002941,0.48939839421010967,5.551115123125783e-17,1.1337493165610321e-14,0.989624561800294,0.9893983942101097,0.8941205850201666,0.0,0.0,0.8973481850050887,0.8050164442685364,0.8973481850050887,0.8050163133845143,0.0,0.9391891891891891,0.04184100418410042,0.9391891891891891,0.04184100418410042
