fpr,tpr,quality,coverage
0.05333333333333334,0.5952380952380952,0.5419047619047619,87
0.0,0.42063492063492064,0.42063492063492064,53
0.9822222222222222,1.0,0.01777777777777778,347
