fpr,tpr,quality,coverage
0.15079365079365079,0.9422222222222222,0.7914285714285714,231
0.06349206349206349,0.7333333333333333,0.6698412698412698,173
0.3333333333333333,1.0,0.6666666666666667,267
0.015873015873015872,0.5066666666666667,0.49079365079365084,116
0.0,0.36,0.36,81
