depth,total_points,original_hull_points,new_hull_points,remaining_points,subgroups_removed,original_hull_area,new_hull_area,hull_area_reduction,area_reduction_percentage,original_auc,new_auc,all_points_auc,auc_reduction,auc_reduction_percentage,original_max_quality,original_avg_quality,new_max_quality,new_avg_quality,quality_reduction,original_best_tpr,original_best_fpr,new_best_tpr,new_best_fpr
2,1992,8,6,0,0,0.11117679255610288,0.1062944718117132,-4.163336342344337e-17,-3.7447890397120445e-14,0.6111767925561029,0.6062944718117133,0.5605801860974274,0.0,0.0,0.13899288451012592,0.09621647509578543,0.13899288451012592,0.0864696223316913,0.0,0.8078817733990148,0.6688888888888889,0.8078817733990148,0.6688888888888889
3,2004,8,4,0,0,0.12459222769567602,0.11400109469074984,6.938893903907228e-17,5.5692831184107995e-14,0.6245922276956759,0.6140010946907499,0.5671264367816092,0.0,0.0,0.16135741652983032,0.11270662287903666,0.16135741652983032,0.09429392446633825,0.0,0.6502463054187192,0.4888888888888889,0.6502463054187192,0.4888888888888889
4,4932,9,5,0,0,0.13224958949096877,0.09026819923371651,0.0,0.0,0.6322495894909688,0.5902681992337164,0.5748275862068964,0.0,0.0,0.1724685276409414,0.12365869975065376,0.1613245758073344,0.1026185002736727,0.0,0.6502463054187192,0.4777777777777778,0.7635467980295566,0.6022222222222222
