depth,total_points,original_hull_points,new_hull_points,remaining_points,subgroups_removed,original_hull_area,new_hull_area,hull_area_reduction,area_reduction_percentage,original_auc,new_auc,all_points_auc,auc_reduction,auc_reduction_percentage,original_max_quality,original_avg_quality,new_max_quality,new_avg_quality,quality_reduction,original_best_tpr,original_best_fpr,new_best_tpr,new_best_fpr
1,31,5,3,0,0,0.058440065681444976,0.043804050355774414,-3.469446951953614e-17,-5.936760870299948e-14,0.5584400656814449,0.5438040503557745,0.5435960591133004,0.0,0.0,0.06783798576902023,0.050055829228243,0.048856048166392996,0.03245758073344277,0.0,0.625615763546798,0.5577777777777778,0.11330049261083744,0.06444444444444444
2,1249,5,3,0,0,0.11972085385878492,0.10556650246305424,-1.3877787807814457e-17,-1.1591788197721853e-14,0.619720853858785,0.6055665024630543,0.5549261083743839,0.0,0.0,0.1572304324028462,0.0966984126984127,0.1572304324028462,0.11754789272030652,0.0,0.22167487684729065,0.06444444444444444,0.22167487684729065,0.06444444444444444
3,984,6,3,0,0,0.1310673234811166,0.08597153804050353,0.0,0.0,0.6310673234811166,0.5859715380405036,0.5684893267651886,0.0,0.0,0.1594526546250684,0.10862433862433862,0.1594526546250684,0.10025177887246854,0.0,0.22167487684729065,0.06222222222222222,0.22167487684729065,0.06222222222222222
4,487,6,5,0,0,0.13309797482211277,0.13296661193212922,0.0,0.0,0.6330979748221127,0.6329666119321291,0.5691297208538586,0.0,0.0,0.16167487684729065,0.11084656084656086,0.16167487684729065,0.12946031746031744,0.0,0.22167487684729065,0.06,0.22167487684729065,0.06
