depth,total_points,original_hull_points,new_hull_points,remaining_points,subgroups_removed,original_hull_area,new_hull_area,hull_area_reduction,area_reduction_percentage,original_auc,new_auc,all_points_auc,auc_reduction,auc_reduction_percentage,original_max_quality,original_avg_quality,new_max_quality,new_avg_quality,quality_reduction,original_best_tpr,original_best_fpr,new_best_tpr,new_best_fpr
1,33,8,1,0,0,0.14728120978120982,0.04077712165947457,0.0,0.0,0.6472812097812097,0.5407771216594746,0.5756775683246271,0.0,0.0,0.20870239987887051,0.10973578620637445,0.08155424331894923,0.08155424331894923,0.0,0.6148648648648649,0.4061624649859944,0.9527027027027027,0.8711484593837535
2,974,4,2,0,0,0.4211900976606859,0.32050117344234996,0.0,0.0,0.9211900976606858,0.82050117344235,0.6618262169732758,0.0,0.0,0.7487129987129987,0.4530007949125596,0.6236089030206677,0.5190400484518132,0.0,0.9391891891891891,0.19047619047619047,0.6824324324324325,0.058823529411764705
3,1424,7,2,0,0,0.42587440381558034,0.4036357786357786,0.0,0.0,0.9258744038155803,0.9036357786357786,0.6770099931864637,0.0,0.0,0.7487129987129987,0.510301417864443,0.7401392989628284,0.686075781664017,0.0,0.9391891891891891,0.19047619047619047,0.9054054054054054,0.16526610644257703
4,5376,10,2,0,0,0.42843421152244676,0.3803183435536377,0.0,0.0,0.9284342115224468,0.8803183435536376,0.6824797486562193,0.0,0.0,0.7487129987129987,0.5093212960860021,0.7487129987129987,0.7469812249224015,0.0,0.9391891891891891,0.19047619047619047,0.9391891891891891,0.19047619047619047
