dataset,depth,method,n_points,original_auc,new_auc,auc_change_pct,new_hull_points,avg_vertical_distance,avg_tpr_selected
mushroom,1,remove_hull,3,0.9836121284619597,0.9559271313554221,2.8146254306387695,5,,
mushroom,1,closest_to_hull (exclude=True),5,0.9836121284619597,0.9439843170457944,4.0288046750836495,2,,
mushroom,1,furthest_from_diagonal (exclude=True),5,0.9836121284619597,0.9531463004462535,3.0973416384509767,4,,
mushroom,1,below_hull (exclude=True),5,0.9836121284619597,0.888708506002478,9.648480301669238,3,0.18087143342916323,
mushroom,1,above_diagonal (exclude=True),5,0.9836121284619597,0.9299830664486537,5.4522570901157845,3,,0.9239543726235742
mushroom,1,closest_to_hull (exclude=True),10,0.9836121284619597,0.9507800696761265,3.3379070708665957,4,,
mushroom,1,furthest_from_diagonal (exclude=True),10,0.9836121284619597,0.9531463004462535,3.0973416384509767,4,,
mushroom,1,below_hull (exclude=True),10,0.9836121284619597,0.946765147954963,3.7460884672714427,3,0.13714591674764498,
mushroom,1,above_diagonal (exclude=True),10,0.9836121284619597,0.9531463004462535,3.0973416384509767,4,,0.8797528517110266
