dataset,depth,method,n_points,original_auc,new_auc,auc_change_pct,new_hull_points,avg_vertical_distance,avg_tpr_selected
adult,1,remove_hull,10,0.8550871048850575,0.8286778241738507,3.088490115256355,5,,
adult,1,closest_to_hull (exclude=True),5,0.8550871048850575,0.8262392241379313,3.3736774396807188,4,,
adult,1,furthest_from_diagonal (exclude=True),5,0.8550871048850575,0.8021366514008621,6.192404631258364,3,,
adult,1,below_hull (exclude=True),5,0.8550871048850575,0.8029925466954024,6.0923101157814425,2,0.044415720800425815,
adult,1,above_diagonal (exclude=True),5,0.8550871048850575,0.7889811197916667,7.730906560949345,3,,0.8362068965517242
adult,1,closest_to_hull (exclude=True),10,0.8550871048850575,0.8286778241738507,3.088490115256355,5,,
adult,1,furthest_from_diagonal (exclude=True),10,0.8550871048850575,0.8286778241738507,3.088490115256355,5,,
adult,1,below_hull (exclude=True),10,0.8550871048850575,0.8286778241738507,3.088490115256355,5,0.029004271982698657,
adult,1,above_diagonal (exclude=True),10,0.8550871048850575,0.8286778241738507,3.088490115256355,5,,0.7672413793103449
